USE TEST;

CREATE TABLE IF NOT EXISTS USERS(ID DECIMAL, NAME VARCHAR(64), CITY VARCHAR(64), EXPIRES_AT DECIMAL);
CREATE TABLE IF NOT EXISTS PRODUCTS(PRODUCT_ID DECIMAL, PRODUCT_NAME VARCHAR(64), PRICE DECIMAL, EXPIRES_AT DECIMAL);
CREATE TABLE IF NOT EXISTS ORDERS(ORDER_ID DECIMAL, USER_ID DECIMAL, PRODUCT_ID DECIMAL, AMOUNT DECIMAL, EXPIRES_AT DECIMAL);

DELETE FROM USERS;
DELETE FROM PRODUCTS;
DELETE FROM ORDERS;

INSERT INTO USERS VALUES
(1, 'User_1', 'Hyderabad', 1893456000),
(2, 'User_2', 'Chennai', 1893456000),
(3, 'User_3', 'Delhi', 1893456000),
(4, 'User_4', 'Ahmedabad', 1893456000),
(5, 'User_5', 'Chennai', 1893456000),
(6, 'User_6', 'Mumbai', 1893456000),
(7, 'User_7', 'Mumbai', 1893456000),
(8, 'User_8', 'Bengaluru', 1893456000),
(9, 'User_9', 'Kolkata', 1893456000),
(10, 'User_10', 'Pune', 1893456000),
(11, 'User_11', 'Chennai', 1893456000),
(12, 'User_12', 'Mumbai', 1893456000),
(13, 'User_13', 'Chennai', 1893456000),
(14, 'User_14', 'Delhi', 1893456000),
(15, 'User_15', 'Mumbai', 1893456000),
(16, 'User_16', 'Pune', 1893456000),
(17, 'User_17', 'Hyderabad', 1893456000),
(18, 'User_18', 'Pune', 1893456000),
(19, 'User_19', 'Hyderabad', 1893456000),
(20, 'User_20', 'Delhi', 1893456000),
(21, 'User_21', 'Mumbai', 1893456000),
(22, 'User_22', 'Bengaluru', 1893456000),
(23, 'User_23', 'Bengaluru', 1893456000),
(24, 'User_24', 'Hyderabad', 1893456000),
(25, 'User_25', 'Mumbai', 1893456000),
(26, 'User_26', 'Delhi', 1893456000),
(27, 'User_27', 'Pune', 1893456000),
(28, 'User_28', 'Hyderabad', 1893456000),
(29, 'User_29', 'Hyderabad', 1893456000),
(30, 'User_30', 'Mumbai', 1893456000),
(31, 'User_31', 'Surat', 1893456000),
(32, 'User_32', 'Delhi', 1893456000),
(33, 'User_33', 'Delhi', 1893456000),
(34, 'User_34', 'Chennai', 1893456000),
(35, 'User_35', 'Surat', 1893456000),
(36, 'User_36', 'Surat', 1893456000),
(37, 'User_37', 'Mumbai', 1893456000),
(38, 'User_38', 'Mumbai', 1893456000),
(39, 'User_39', 'Chennai', 1893456000),
(40, 'User_40', 'Chennai', 1893456000),
(41, 'User_41', 'Mumbai', 1893456000),
(42, 'User_42', 'Mumbai', 1893456000),
(43, 'User_43', 'Bengaluru', 1893456000),
(44, 'User_44', 'Chennai', 1893456000),
(45, 'User_45', 'Hyderabad', 1893456000),
(46, 'User_46', 'Surat', 1893456000),
(47, 'User_47', 'Delhi', 1893456000),
(48, 'User_48', 'Kolkata', 1893456000),
(49, 'User_49', 'Delhi', 1893456000),
(50, 'User_50', 'Pune', 1893456000),
(51, 'User_51', 'Pune', 1893456000),
(52, 'User_52', 'Surat', 1893456000),
(53, 'User_53', 'Ahmedabad', 1893456000),
(54, 'User_54', 'Delhi', 1893456000),
(55, 'User_55', 'Mumbai', 1893456000),
(56, 'User_56', 'Mumbai', 1893456000),
(57, 'User_57', 'Delhi', 1893456000),
(58, 'User_58', 'Chennai', 1893456000),
(59, 'User_59', 'Pune', 1893456000),
(60, 'User_60', 'Kolkata', 1893456000),
(61, 'User_61', 'Ahmedabad', 1893456000),
(62, 'User_62', 'Hyderabad', 1893456000),
(63, 'User_63', 'Mumbai', 1893456000),
(64, 'User_64', 'Ahmedabad', 1893456000),
(65, 'User_65', 'Mumbai', 1893456000),
(66, 'User_66', 'Ahmedabad', 1893456000),
(67, 'User_67', 'Delhi', 1893456000),
(68, 'User_68', 'Pune', 1893456000),
(69, 'User_69', 'Kolkata', 1893456000),
(70, 'User_70', 'Chennai', 1893456000),
(71, 'User_71', 'Hyderabad', 1893456000),
(72, 'User_72', 'Ahmedabad', 1893456000),
(73, 'User_73', 'Hyderabad', 1893456000),
(74, 'User_74', 'Ahmedabad', 1893456000),
(75, 'User_75', 'Surat', 1893456000),
(76, 'User_76', 'Ahmedabad', 1893456000),
(77, 'User_77', 'Kolkata', 1893456000),
(78, 'User_78', 'Bengaluru', 1893456000),
(79, 'User_79', 'Hyderabad', 1893456000),
(80, 'User_80', 'Surat', 1893456000),
(81, 'User_81', 'Pune', 1893456000),
(82, 'User_82', 'Bengaluru', 1893456000),
(83, 'User_83', 'Kolkata', 1893456000),
(84, 'User_84', 'Kolkata', 1893456000),
(85, 'User_85', 'Ahmedabad', 1893456000),
(86, 'User_86', 'Hyderabad', 1893456000),
(87, 'User_87', 'Kolkata', 1893456000),
(88, 'User_88', 'Chennai', 1893456000),
(89, 'User_89', 'Mumbai', 1893456000),
(90, 'User_90', 'Bengaluru', 1893456000),
(91, 'User_91', 'Surat', 1893456000),
(92, 'User_92', 'Mumbai', 1893456000),
(93, 'User_93', 'Ahmedabad', 1893456000),
(94, 'User_94', 'Bengaluru', 1893456000),
(95, 'User_95', 'Hyderabad', 1893456000),
(96, 'User_96', 'Ahmedabad', 1893456000),
(97, 'User_97', 'Surat', 1893456000),
(98, 'User_98', 'Surat', 1893456000),
(99, 'User_99', 'Surat', 1893456000),
(100, 'User_100', 'Chennai', 1893456000),
(101, 'User_101', 'Ahmedabad', 1893456000),
(102, 'User_102', 'Bengaluru', 1893456000),
(103, 'User_103', 'Kolkata', 1893456000),
(104, 'User_104', 'Delhi', 1893456000),
(105, 'User_105', 'Hyderabad', 1893456000),
(106, 'User_106', 'Surat', 1893456000),
(107, 'User_107', 'Mumbai', 1893456000),
(108, 'User_108', 'Delhi', 1893456000),
(109, 'User_109', 'Hyderabad', 1893456000),
(110, 'User_110', 'Hyderabad', 1893456000),
(111, 'User_111', 'Delhi', 1893456000),
(112, 'User_112', 'Mumbai', 1893456000),
(113, 'User_113', 'Mumbai', 1893456000),
(114, 'User_114', 'Hyderabad', 1893456000),
(115, 'User_115', 'Hyderabad', 1893456000),
(116, 'User_116', 'Surat', 1893456000),
(117, 'User_117', 'Ahmedabad', 1893456000),
(118, 'User_118', 'Pune', 1893456000),
(119, 'User_119', 'Kolkata', 1893456000),
(120, 'User_120', 'Ahmedabad', 1893456000),
(121, 'User_121', 'Pune', 1893456000),
(122, 'User_122', 'Hyderabad', 1893456000),
(123, 'User_123', 'Chennai', 1893456000),
(124, 'User_124', 'Ahmedabad', 1893456000),
(125, 'User_125', 'Delhi', 1893456000),
(126, 'User_126', 'Delhi', 1893456000),
(127, 'User_127', 'Kolkata', 1893456000),
(128, 'User_128', 'Surat', 1893456000),
(129, 'User_129', 'Hyderabad', 1893456000),
(130, 'User_130', 'Delhi', 1893456000),
(131, 'User_131', 'Chennai', 1893456000),
(132, 'User_132', 'Hyderabad', 1893456000),
(133, 'User_133', 'Mumbai', 1893456000),
(134, 'User_134', 'Surat', 1893456000),
(135, 'User_135', 'Pune', 1893456000),
(136, 'User_136', 'Chennai', 1893456000),
(137, 'User_137', 'Surat', 1893456000),
(138, 'User_138', 'Pune', 1893456000),
(139, 'User_139', 'Mumbai', 1893456000),
(140, 'User_140', 'Kolkata', 1893456000),
(141, 'User_141', 'Chennai', 1893456000),
(142, 'User_142', 'Ahmedabad', 1893456000),
(143, 'User_143', 'Ahmedabad', 1893456000),
(144, 'User_144', 'Kolkata', 1893456000),
(145, 'User_145', 'Mumbai', 1893456000),
(146, 'User_146', 'Pune', 1893456000),
(147, 'User_147', 'Pune', 1893456000),
(148, 'User_148', 'Pune', 1893456000),
(149, 'User_149', 'Delhi', 1893456000),
(150, 'User_150', 'Ahmedabad', 1893456000),
(151, 'User_151', 'Pune', 1893456000),
(152, 'User_152', 'Kolkata', 1893456000),
(153, 'User_153', 'Ahmedabad', 1893456000),
(154, 'User_154', 'Kolkata', 1893456000),
(155, 'User_155', 'Bengaluru', 1893456000),
(156, 'User_156', 'Delhi', 1893456000),
(157, 'User_157', 'Chennai', 1893456000),
(158, 'User_158', 'Ahmedabad', 1893456000),
(159, 'User_159', 'Surat', 1893456000),
(160, 'User_160', 'Delhi', 1893456000),
(161, 'User_161', 'Hyderabad', 1893456000),
(162, 'User_162', 'Chennai', 1893456000),
(163, 'User_163', 'Hyderabad', 1893456000),
(164, 'User_164', 'Kolkata', 1893456000),
(165, 'User_165', 'Ahmedabad', 1893456000),
(166, 'User_166', 'Delhi', 1893456000),
(167, 'User_167', 'Pune', 1893456000),
(168, 'User_168', 'Surat', 1893456000),
(169, 'User_169', 'Chennai', 1893456000),
(170, 'User_170', 'Ahmedabad', 1893456000),
(171, 'User_171', 'Chennai', 1893456000),
(172, 'User_172', 'Ahmedabad', 1893456000),
(173, 'User_173', 'Hyderabad', 1893456000),
(174, 'User_174', 'Pune', 1893456000),
(175, 'User_175', 'Mumbai', 1893456000),
(176, 'User_176', 'Bengaluru', 1893456000),
(177, 'User_177', 'Mumbai', 1893456000),
(178, 'User_178', 'Kolkata', 1893456000),
(179, 'User_179', 'Kolkata', 1893456000),
(180, 'User_180', 'Kolkata', 1893456000),
(181, 'User_181', 'Kolkata', 1893456000),
(182, 'User_182', 'Chennai', 1893456000),
(183, 'User_183', 'Kolkata', 1893456000),
(184, 'User_184', 'Kolkata', 1893456000),
(185, 'User_185', 'Ahmedabad', 1893456000),
(186, 'User_186', 'Pune', 1893456000),
(187, 'User_187', 'Mumbai', 1893456000),
(188, 'User_188', 'Bengaluru', 1893456000),
(189, 'User_189', 'Delhi', 1893456000),
(190, 'User_190', 'Delhi', 1893456000),
(191, 'User_191', 'Delhi', 1893456000),
(192, 'User_192', 'Delhi', 1893456000),
(193, 'User_193', 'Hyderabad', 1893456000),
(194, 'User_194', 'Surat', 1893456000),
(195, 'User_195', 'Mumbai', 1893456000),
(196, 'User_196', 'Pune', 1893456000),
(197, 'User_197', 'Kolkata', 1893456000),
(198, 'User_198', 'Bengaluru', 1893456000),
(199, 'User_199', 'Pune', 1893456000),
(200, 'User_200', 'Delhi', 1893456000),
(201, 'User_201', 'Mumbai', 1893456000),
(202, 'User_202', 'Ahmedabad', 1893456000),
(203, 'User_203', 'Ahmedabad', 1893456000),
(204, 'User_204', 'Surat', 1893456000),
(205, 'User_205', 'Bengaluru', 1893456000),
(206, 'User_206', 'Kolkata', 1893456000),
(207, 'User_207', 'Hyderabad', 1893456000),
(208, 'User_208', 'Surat', 1893456000),
(209, 'User_209', 'Pune', 1893456000),
(210, 'User_210', 'Pune', 1893456000),
(211, 'User_211', 'Mumbai', 1893456000),
(212, 'User_212', 'Mumbai', 1893456000),
(213, 'User_213', 'Bengaluru', 1893456000),
(214, 'User_214', 'Bengaluru', 1893456000),
(215, 'User_215', 'Delhi', 1893456000),
(216, 'User_216', 'Hyderabad', 1893456000),
(217, 'User_217', 'Surat', 1893456000),
(218, 'User_218', 'Mumbai', 1893456000),
(219, 'User_219', 'Kolkata', 1893456000),
(220, 'User_220', 'Delhi', 1893456000),
(221, 'User_221', 'Ahmedabad', 1893456000),
(222, 'User_222', 'Hyderabad', 1893456000),
(223, 'User_223', 'Kolkata', 1893456000),
(224, 'User_224', 'Bengaluru', 1893456000),
(225, 'User_225', 'Chennai', 1893456000),
(226, 'User_226', 'Pune', 1893456000),
(227, 'User_227', 'Kolkata', 1893456000),
(228, 'User_228', 'Hyderabad', 1893456000),
(229, 'User_229', 'Delhi', 1893456000),
(230, 'User_230', 'Mumbai', 1893456000),
(231, 'User_231', 'Ahmedabad', 1893456000),
(232, 'User_232', 'Bengaluru', 1893456000),
(233, 'User_233', 'Ahmedabad', 1893456000),
(234, 'User_234', 'Kolkata', 1893456000),
(235, 'User_235', 'Pune', 1893456000),
(236, 'User_236', 'Chennai', 1893456000),
(237, 'User_237', 'Ahmedabad', 1893456000),
(238, 'User_238', 'Kolkata', 1893456000),
(239, 'User_239', 'Bengaluru', 1893456000),
(240, 'User_240', 'Pune', 1893456000),
(241, 'User_241', 'Ahmedabad', 1893456000),
(242, 'User_242', 'Pune', 1893456000),
(243, 'User_243', 'Kolkata', 1893456000),
(244, 'User_244', 'Pune', 1893456000),
(245, 'User_245', 'Surat', 1893456000),
(246, 'User_246', 'Pune', 1893456000),
(247, 'User_247', 'Mumbai', 1893456000),
(248, 'User_248', 'Kolkata', 1893456000),
(249, 'User_249', 'Surat', 1893456000),
(250, 'User_250', 'Bengaluru', 1893456000),
(251, 'User_251', 'Delhi', 1893456000),
(252, 'User_252', 'Surat', 1893456000),
(253, 'User_253', 'Kolkata', 1893456000),
(254, 'User_254', 'Kolkata', 1893456000),
(255, 'User_255', 'Hyderabad', 1893456000),
(256, 'User_256', 'Bengaluru', 1893456000),
(257, 'User_257', 'Kolkata', 1893456000),
(258, 'User_258', 'Chennai', 1893456000),
(259, 'User_259', 'Hyderabad', 1893456000),
(260, 'User_260', 'Chennai', 1893456000),
(261, 'User_261', 'Mumbai', 1893456000),
(262, 'User_262', 'Surat', 1893456000),
(263, 'User_263', 'Bengaluru', 1893456000),
(264, 'User_264', 'Surat', 1893456000),
(265, 'User_265', 'Pune', 1893456000),
(266, 'User_266', 'Mumbai', 1893456000),
(267, 'User_267', 'Bengaluru', 1893456000),
(268, 'User_268', 'Chennai', 1893456000),
(269, 'User_269', 'Mumbai', 1893456000),
(270, 'User_270', 'Surat', 1893456000),
(271, 'User_271', 'Delhi', 1893456000),
(272, 'User_272', 'Surat', 1893456000),
(273, 'User_273', 'Ahmedabad', 1893456000),
(274, 'User_274', 'Hyderabad', 1893456000),
(275, 'User_275', 'Hyderabad', 1893456000),
(276, 'User_276', 'Kolkata', 1893456000),
(277, 'User_277', 'Surat', 1893456000),
(278, 'User_278', 'Hyderabad', 1893456000),
(279, 'User_279', 'Delhi', 1893456000),
(280, 'User_280', 'Mumbai', 1893456000),
(281, 'User_281', 'Kolkata', 1893456000),
(282, 'User_282', 'Kolkata', 1893456000),
(283, 'User_283', 'Kolkata', 1893456000),
(284, 'User_284', 'Mumbai', 1893456000),
(285, 'User_285', 'Hyderabad', 1893456000),
(286, 'User_286', 'Bengaluru', 1893456000),
(287, 'User_287', 'Hyderabad', 1893456000),
(288, 'User_288', 'Delhi', 1893456000),
(289, 'User_289', 'Surat', 1893456000),
(290, 'User_290', 'Delhi', 1893456000),
(291, 'User_291', 'Chennai', 1893456000),
(292, 'User_292', 'Mumbai', 1893456000),
(293, 'User_293', 'Kolkata', 1893456000),
(294, 'User_294', 'Chennai', 1893456000),
(295, 'User_295', 'Hyderabad', 1893456000),
(296, 'User_296', 'Ahmedabad', 1893456000),
(297, 'User_297', 'Ahmedabad', 1893456000),
(298, 'User_298', 'Chennai', 1893456000),
(299, 'User_299', 'Mumbai', 1893456000),
(300, 'User_300', 'Chennai', 1893456000),
(301, 'User_301', 'Kolkata', 1893456000),
(302, 'User_302', 'Delhi', 1893456000),
(303, 'User_303', 'Pune', 1893456000),
(304, 'User_304', 'Kolkata', 1893456000),
(305, 'User_305', 'Bengaluru', 1893456000),
(306, 'User_306', 'Kolkata', 1893456000),
(307, 'User_307', 'Hyderabad', 1893456000),
(308, 'User_308', 'Surat', 1893456000),
(309, 'User_309', 'Ahmedabad', 1893456000),
(310, 'User_310', 'Surat', 1893456000),
(311, 'User_311', 'Mumbai', 1893456000),
(312, 'User_312', 'Chennai', 1893456000),
(313, 'User_313', 'Kolkata', 1893456000),
(314, 'User_314', 'Kolkata', 1893456000),
(315, 'User_315', 'Ahmedabad', 1893456000),
(316, 'User_316', 'Surat', 1893456000),
(317, 'User_317', 'Kolkata', 1893456000),
(318, 'User_318', 'Delhi', 1893456000),
(319, 'User_319', 'Ahmedabad', 1893456000),
(320, 'User_320', 'Pune', 1893456000),
(321, 'User_321', 'Chennai', 1893456000),
(322, 'User_322', 'Kolkata', 1893456000),
(323, 'User_323', 'Pune', 1893456000),
(324, 'User_324', 'Surat', 1893456000),
(325, 'User_325', 'Kolkata', 1893456000),
(326, 'User_326', 'Delhi', 1893456000),
(327, 'User_327', 'Hyderabad', 1893456000),
(328, 'User_328', 'Kolkata', 1893456000),
(329, 'User_329', 'Mumbai', 1893456000),
(330, 'User_330', 'Mumbai', 1893456000),
(331, 'User_331', 'Pune', 1893456000),
(332, 'User_332', 'Hyderabad', 1893456000),
(333, 'User_333', 'Surat', 1893456000),
(334, 'User_334', 'Hyderabad', 1893456000),
(335, 'User_335', 'Ahmedabad', 1893456000),
(336, 'User_336', 'Delhi', 1893456000),
(337, 'User_337', 'Kolkata', 1893456000),
(338, 'User_338', 'Hyderabad', 1893456000),
(339, 'User_339', 'Bengaluru', 1893456000),
(340, 'User_340', 'Delhi', 1893456000),
(341, 'User_341', 'Surat', 1893456000),
(342, 'User_342', 'Chennai', 1893456000),
(343, 'User_343', 'Pune', 1893456000),
(344, 'User_344', 'Kolkata', 1893456000),
(345, 'User_345', 'Pune', 1893456000),
(346, 'User_346', 'Surat', 1893456000),
(347, 'User_347', 'Mumbai', 1893456000),
(348, 'User_348', 'Ahmedabad', 1893456000),
(349, 'User_349', 'Bengaluru', 1893456000),
(350, 'User_350', 'Mumbai', 1893456000),
(351, 'User_351', 'Bengaluru', 1893456000),
(352, 'User_352', 'Chennai', 1893456000),
(353, 'User_353', 'Pune', 1893456000),
(354, 'User_354', 'Surat', 1893456000),
(355, 'User_355', 'Chennai', 1893456000),
(356, 'User_356', 'Surat', 1893456000),
(357, 'User_357', 'Kolkata', 1893456000),
(358, 'User_358', 'Kolkata', 1893456000),
(359, 'User_359', 'Ahmedabad', 1893456000),
(360, 'User_360', 'Surat', 1893456000),
(361, 'User_361', 'Ahmedabad', 1893456000),
(362, 'User_362', 'Mumbai', 1893456000),
(363, 'User_363', 'Chennai', 1893456000),
(364, 'User_364', 'Chennai', 1893456000),
(365, 'User_365', 'Chennai', 1893456000),
(366, 'User_366', 'Hyderabad', 1893456000),
(367, 'User_367', 'Ahmedabad', 1893456000),
(368, 'User_368', 'Pune', 1893456000),
(369, 'User_369', 'Chennai', 1893456000),
(370, 'User_370', 'Ahmedabad', 1893456000),
(371, 'User_371', 'Hyderabad', 1893456000),
(372, 'User_372', 'Hyderabad', 1893456000),
(373, 'User_373', 'Pune', 1893456000),
(374, 'User_374', 'Ahmedabad', 1893456000),
(375, 'User_375', 'Delhi', 1893456000),
(376, 'User_376', 'Ahmedabad', 1893456000),
(377, 'User_377', 'Bengaluru', 1893456000),
(378, 'User_378', 'Delhi', 1893456000),
(379, 'User_379', 'Hyderabad', 1893456000),
(380, 'User_380', 'Pune', 1893456000),
(381, 'User_381', 'Mumbai', 1893456000),
(382, 'User_382', 'Mumbai', 1893456000),
(383, 'User_383', 'Hyderabad', 1893456000),
(384, 'User_384', 'Ahmedabad', 1893456000),
(385, 'User_385', 'Chennai', 1893456000),
(386, 'User_386', 'Hyderabad', 1893456000),
(387, 'User_387', 'Mumbai', 1893456000),
(388, 'User_388', 'Ahmedabad', 1893456000),
(389, 'User_389', 'Hyderabad', 1893456000),
(390, 'User_390', 'Chennai', 1893456000),
(391, 'User_391', 'Bengaluru', 1893456000),
(392, 'User_392', 'Hyderabad', 1893456000),
(393, 'User_393', 'Kolkata', 1893456000),
(394, 'User_394', 'Kolkata', 1893456000),
(395, 'User_395', 'Mumbai', 1893456000),
(396, 'User_396', 'Pune', 1893456000),
(397, 'User_397', 'Mumbai', 1893456000),
(398, 'User_398', 'Hyderabad', 1893456000),
(399, 'User_399', 'Pune', 1893456000),
(400, 'User_400', 'Surat', 1893456000),
(401, 'User_401', 'Mumbai', 1893456000),
(402, 'User_402', 'Surat', 1893456000),
(403, 'User_403', 'Chennai', 1893456000),
(404, 'User_404', 'Surat', 1893456000),
(405, 'User_405', 'Chennai', 1893456000),
(406, 'User_406', 'Mumbai', 1893456000),
(407, 'User_407', 'Chennai', 1893456000),
(408, 'User_408', 'Pune', 1893456000),
(409, 'User_409', 'Ahmedabad', 1893456000),
(410, 'User_410', 'Kolkata', 1893456000),
(411, 'User_411', 'Surat', 1893456000),
(412, 'User_412', 'Chennai', 1893456000),
(413, 'User_413', 'Bengaluru', 1893456000),
(414, 'User_414', 'Surat', 1893456000),
(415, 'User_415', 'Surat', 1893456000),
(416, 'User_416', 'Ahmedabad', 1893456000),
(417, 'User_417', 'Hyderabad', 1893456000),
(418, 'User_418', 'Chennai', 1893456000),
(419, 'User_419', 'Chennai', 1893456000),
(420, 'User_420', 'Chennai', 1893456000),
(421, 'User_421', 'Kolkata', 1893456000),
(422, 'User_422', 'Hyderabad', 1893456000),
(423, 'User_423', 'Chennai', 1893456000),
(424, 'User_424', 'Pune', 1893456000),
(425, 'User_425', 'Kolkata', 1893456000),
(426, 'User_426', 'Mumbai', 1893456000),
(427, 'User_427', 'Kolkata', 1893456000),
(428, 'User_428', 'Pune', 1893456000),
(429, 'User_429', 'Chennai', 1893456000),
(430, 'User_430', 'Surat', 1893456000),
(431, 'User_431', 'Ahmedabad', 1893456000),
(432, 'User_432', 'Surat', 1893456000),
(433, 'User_433', 'Surat', 1893456000),
(434, 'User_434', 'Hyderabad', 1893456000),
(435, 'User_435', 'Hyderabad', 1893456000),
(436, 'User_436', 'Surat', 1893456000),
(437, 'User_437', 'Ahmedabad', 1893456000),
(438, 'User_438', 'Hyderabad', 1893456000),
(439, 'User_439', 'Pune', 1893456000),
(440, 'User_440', 'Pune', 1893456000),
(441, 'User_441', 'Chennai', 1893456000),
(442, 'User_442', 'Kolkata', 1893456000),
(443, 'User_443', 'Ahmedabad', 1893456000),
(444, 'User_444', 'Bengaluru', 1893456000),
(445, 'User_445', 'Ahmedabad', 1893456000),
(446, 'User_446', 'Mumbai', 1893456000),
(447, 'User_447', 'Delhi', 1893456000),
(448, 'User_448', 'Pune', 1893456000),
(449, 'User_449', 'Hyderabad', 1893456000),
(450, 'User_450', 'Delhi', 1893456000),
(451, 'User_451', 'Surat', 1893456000),
(452, 'User_452', 'Delhi', 1893456000),
(453, 'User_453', 'Hyderabad', 1893456000),
(454, 'User_454', 'Hyderabad', 1893456000),
(455, 'User_455', 'Bengaluru', 1893456000),
(456, 'User_456', 'Mumbai', 1893456000),
(457, 'User_457', 'Mumbai', 1893456000),
(458, 'User_458', 'Kolkata', 1893456000),
(459, 'User_459', 'Kolkata', 1893456000),
(460, 'User_460', 'Delhi', 1893456000),
(461, 'User_461', 'Hyderabad', 1893456000),
(462, 'User_462', 'Kolkata', 1893456000),
(463, 'User_463', 'Pune', 1893456000),
(464, 'User_464', 'Ahmedabad', 1893456000),
(465, 'User_465', 'Pune', 1893456000),
(466, 'User_466', 'Chennai', 1893456000),
(467, 'User_467', 'Surat', 1893456000),
(468, 'User_468', 'Pune', 1893456000),
(469, 'User_469', 'Delhi', 1893456000),
(470, 'User_470', 'Ahmedabad', 1893456000),
(471, 'User_471', 'Surat', 1893456000),
(472, 'User_472', 'Delhi', 1893456000),
(473, 'User_473', 'Delhi', 1893456000),
(474, 'User_474', 'Delhi', 1893456000),
(475, 'User_475', 'Chennai', 1893456000),
(476, 'User_476', 'Hyderabad', 1893456000),
(477, 'User_477', 'Delhi', 1893456000),
(478, 'User_478', 'Hyderabad', 1893456000),
(479, 'User_479', 'Kolkata', 1893456000),
(480, 'User_480', 'Kolkata', 1893456000),
(481, 'User_481', 'Surat', 1893456000),
(482, 'User_482', 'Surat', 1893456000),
(483, 'User_483', 'Hyderabad', 1893456000),
(484, 'User_484', 'Ahmedabad', 1893456000),
(485, 'User_485', 'Ahmedabad', 1893456000),
(486, 'User_486', 'Chennai', 1893456000),
(487, 'User_487', 'Chennai', 1893456000),
(488, 'User_488', 'Ahmedabad', 1893456000),
(489, 'User_489', 'Bengaluru', 1893456000),
(490, 'User_490', 'Kolkata', 1893456000),
(491, 'User_491', 'Chennai', 1893456000),
(492, 'User_492', 'Chennai', 1893456000),
(493, 'User_493', 'Pune', 1893456000),
(494, 'User_494', 'Mumbai', 1893456000),
(495, 'User_495', 'Pune', 1893456000),
(496, 'User_496', 'Pune', 1893456000),
(497, 'User_497', 'Mumbai', 1893456000),
(498, 'User_498', 'Hyderabad', 1893456000),
(499, 'User_499', 'Chennai', 1893456000),
(500, 'User_500', 'Chennai', 1893456000),
(501, 'User_501', 'Pune', 1893456000),
(502, 'User_502', 'Delhi', 1893456000),
(503, 'User_503', 'Pune', 1893456000),
(504, 'User_504', 'Chennai', 1893456000),
(505, 'User_505', 'Bengaluru', 1893456000),
(506, 'User_506', 'Delhi', 1893456000),
(507, 'User_507', 'Chennai', 1893456000),
(508, 'User_508', 'Bengaluru', 1893456000),
(509, 'User_509', 'Mumbai', 1893456000),
(510, 'User_510', 'Mumbai', 1893456000),
(511, 'User_511', 'Bengaluru', 1893456000),
(512, 'User_512', 'Delhi', 1893456000),
(513, 'User_513', 'Ahmedabad', 1893456000),
(514, 'User_514', 'Pune', 1893456000),
(515, 'User_515', 'Delhi', 1893456000),
(516, 'User_516', 'Surat', 1893456000),
(517, 'User_517', 'Mumbai', 1893456000),
(518, 'User_518', 'Surat', 1893456000),
(519, 'User_519', 'Hyderabad', 1893456000),
(520, 'User_520', 'Surat', 1893456000),
(521, 'User_521', 'Ahmedabad', 1893456000),
(522, 'User_522', 'Ahmedabad', 1893456000),
(523, 'User_523', 'Surat', 1893456000),
(524, 'User_524', 'Bengaluru', 1893456000),
(525, 'User_525', 'Hyderabad', 1893456000),
(526, 'User_526', 'Bengaluru', 1893456000),
(527, 'User_527', 'Surat', 1893456000),
(528, 'User_528', 'Delhi', 1893456000),
(529, 'User_529', 'Mumbai', 1893456000),
(530, 'User_530', 'Chennai', 1893456000),
(531, 'User_531', 'Ahmedabad', 1893456000),
(532, 'User_532', 'Hyderabad', 1893456000),
(533, 'User_533', 'Hyderabad', 1893456000),
(534, 'User_534', 'Pune', 1893456000),
(535, 'User_535', 'Hyderabad', 1893456000),
(536, 'User_536', 'Kolkata', 1893456000),
(537, 'User_537', 'Hyderabad', 1893456000),
(538, 'User_538', 'Hyderabad', 1893456000),
(539, 'User_539', 'Hyderabad', 1893456000),
(540, 'User_540', 'Kolkata', 1893456000),
(541, 'User_541', 'Ahmedabad', 1893456000),
(542, 'User_542', 'Bengaluru', 1893456000),
(543, 'User_543', 'Pune', 1893456000),
(544, 'User_544', 'Delhi', 1893456000),
(545, 'User_545', 'Chennai', 1893456000),
(546, 'User_546', 'Surat', 1893456000),
(547, 'User_547', 'Ahmedabad', 1893456000),
(548, 'User_548', 'Pune', 1893456000),
(549, 'User_549', 'Mumbai', 1893456000),
(550, 'User_550', 'Kolkata', 1893456000),
(551, 'User_551', 'Delhi', 1893456000),
(552, 'User_552', 'Delhi', 1893456000),
(553, 'User_553', 'Pune', 1893456000),
(554, 'User_554', 'Delhi', 1893456000),
(555, 'User_555', 'Mumbai', 1893456000),
(556, 'User_556', 'Kolkata', 1893456000),
(557, 'User_557', 'Mumbai', 1893456000),
(558, 'User_558', 'Mumbai', 1893456000),
(559, 'User_559', 'Delhi', 1893456000),
(560, 'User_560', 'Kolkata', 1893456000),
(561, 'User_561', 'Pune', 1893456000),
(562, 'User_562', 'Bengaluru', 1893456000),
(563, 'User_563', 'Hyderabad', 1893456000),
(564, 'User_564', 'Surat', 1893456000),
(565, 'User_565', 'Ahmedabad', 1893456000),
(566, 'User_566', 'Surat', 1893456000),
(567, 'User_567', 'Ahmedabad', 1893456000),
(568, 'User_568', 'Bengaluru', 1893456000),
(569, 'User_569', 'Chennai', 1893456000),
(570, 'User_570', 'Kolkata', 1893456000),
(571, 'User_571', 'Bengaluru', 1893456000),
(572, 'User_572', 'Surat', 1893456000),
(573, 'User_573', 'Bengaluru', 1893456000),
(574, 'User_574', 'Pune', 1893456000),
(575, 'User_575', 'Chennai', 1893456000),
(576, 'User_576', 'Chennai', 1893456000),
(577, 'User_577', 'Delhi', 1893456000),
(578, 'User_578', 'Hyderabad', 1893456000),
(579, 'User_579', 'Pune', 1893456000),
(580, 'User_580', 'Delhi', 1893456000),
(581, 'User_581', 'Surat', 1893456000),
(582, 'User_582', 'Pune', 1893456000),
(583, 'User_583', 'Mumbai', 1893456000),
(584, 'User_584', 'Surat', 1893456000),
(585, 'User_585', 'Delhi', 1893456000),
(586, 'User_586', 'Hyderabad', 1893456000),
(587, 'User_587', 'Hyderabad', 1893456000),
(588, 'User_588', 'Surat', 1893456000),
(589, 'User_589', 'Ahmedabad', 1893456000),
(590, 'User_590', 'Mumbai', 1893456000),
(591, 'User_591', 'Mumbai', 1893456000),
(592, 'User_592', 'Pune', 1893456000),
(593, 'User_593', 'Ahmedabad', 1893456000),
(594, 'User_594', 'Chennai', 1893456000),
(595, 'User_595', 'Delhi', 1893456000),
(596, 'User_596', 'Delhi', 1893456000),
(597, 'User_597', 'Mumbai', 1893456000),
(598, 'User_598', 'Surat', 1893456000),
(599, 'User_599', 'Chennai', 1893456000),
(600, 'User_600', 'Ahmedabad', 1893456000),
(601, 'User_601', 'Hyderabad', 1893456000),
(602, 'User_602', 'Ahmedabad', 1893456000),
(603, 'User_603', 'Bengaluru', 1893456000),
(604, 'User_604', 'Ahmedabad', 1893456000),
(605, 'User_605', 'Delhi', 1893456000),
(606, 'User_606', 'Bengaluru', 1893456000),
(607, 'User_607', 'Surat', 1893456000),
(608, 'User_608', 'Ahmedabad', 1893456000),
(609, 'User_609', 'Bengaluru', 1893456000),
(610, 'User_610', 'Surat', 1893456000),
(611, 'User_611', 'Chennai', 1893456000),
(612, 'User_612', 'Pune', 1893456000),
(613, 'User_613', 'Bengaluru', 1893456000),
(614, 'User_614', 'Pune', 1893456000),
(615, 'User_615', 'Kolkata', 1893456000),
(616, 'User_616', 'Pune', 1893456000),
(617, 'User_617', 'Kolkata', 1893456000),
(618, 'User_618', 'Bengaluru', 1893456000),
(619, 'User_619', 'Mumbai', 1893456000),
(620, 'User_620', 'Kolkata', 1893456000),
(621, 'User_621', 'Hyderabad', 1893456000),
(622, 'User_622', 'Mumbai', 1893456000),
(623, 'User_623', 'Surat', 1893456000),
(624, 'User_624', 'Kolkata', 1893456000),
(625, 'User_625', 'Chennai', 1893456000),
(626, 'User_626', 'Ahmedabad', 1893456000),
(627, 'User_627', 'Chennai', 1893456000),
(628, 'User_628', 'Surat', 1893456000),
(629, 'User_629', 'Pune', 1893456000),
(630, 'User_630', 'Mumbai', 1893456000),
(631, 'User_631', 'Kolkata', 1893456000),
(632, 'User_632', 'Mumbai', 1893456000),
(633, 'User_633', 'Bengaluru', 1893456000),
(634, 'User_634', 'Hyderabad', 1893456000),
(635, 'User_635', 'Bengaluru', 1893456000),
(636, 'User_636', 'Delhi', 1893456000),
(637, 'User_637', 'Chennai', 1893456000),
(638, 'User_638', 'Chennai', 1893456000),
(639, 'User_639', 'Pune', 1893456000),
(640, 'User_640', 'Chennai', 1893456000),
(641, 'User_641', 'Surat', 1893456000),
(642, 'User_642', 'Bengaluru', 1893456000),
(643, 'User_643', 'Surat', 1893456000),
(644, 'User_644', 'Kolkata', 1893456000),
(645, 'User_645', 'Bengaluru', 1893456000),
(646, 'User_646', 'Pune', 1893456000),
(647, 'User_647', 'Bengaluru', 1893456000),
(648, 'User_648', 'Mumbai', 1893456000),
(649, 'User_649', 'Delhi', 1893456000),
(650, 'User_650', 'Surat', 1893456000),
(651, 'User_651', 'Chennai', 1893456000),
(652, 'User_652', 'Chennai', 1893456000),
(653, 'User_653', 'Chennai', 1893456000),
(654, 'User_654', 'Kolkata', 1893456000),
(655, 'User_655', 'Bengaluru', 1893456000),
(656, 'User_656', 'Ahmedabad', 1893456000),
(657, 'User_657', 'Surat', 1893456000),
(658, 'User_658', 'Hyderabad', 1893456000),
(659, 'User_659', 'Pune', 1893456000),
(660, 'User_660', 'Bengaluru', 1893456000),
(661, 'User_661', 'Chennai', 1893456000),
(662, 'User_662', 'Delhi', 1893456000),
(663, 'User_663', 'Kolkata', 1893456000),
(664, 'User_664', 'Ahmedabad', 1893456000),
(665, 'User_665', 'Bengaluru', 1893456000),
(666, 'User_666', 'Hyderabad', 1893456000),
(667, 'User_667', 'Delhi', 1893456000),
(668, 'User_668', 'Chennai', 1893456000),
(669, 'User_669', 'Kolkata', 1893456000),
(670, 'User_670', 'Pune', 1893456000),
(671, 'User_671', 'Delhi', 1893456000),
(672, 'User_672', 'Surat', 1893456000),
(673, 'User_673', 'Bengaluru', 1893456000),
(674, 'User_674', 'Pune', 1893456000),
(675, 'User_675', 'Pune', 1893456000),
(676, 'User_676', 'Bengaluru', 1893456000),
(677, 'User_677', 'Kolkata', 1893456000),
(678, 'User_678', 'Chennai', 1893456000),
(679, 'User_679', 'Pune', 1893456000),
(680, 'User_680', 'Mumbai', 1893456000),
(681, 'User_681', 'Ahmedabad', 1893456000),
(682, 'User_682', 'Hyderabad', 1893456000),
(683, 'User_683', 'Ahmedabad', 1893456000),
(684, 'User_684', 'Ahmedabad', 1893456000),
(685, 'User_685', 'Pune', 1893456000),
(686, 'User_686', 'Mumbai', 1893456000),
(687, 'User_687', 'Hyderabad', 1893456000),
(688, 'User_688', 'Delhi', 1893456000),
(689, 'User_689', 'Pune', 1893456000),
(690, 'User_690', 'Hyderabad', 1893456000),
(691, 'User_691', 'Bengaluru', 1893456000),
(692, 'User_692', 'Kolkata', 1893456000),
(693, 'User_693', 'Surat', 1893456000),
(694, 'User_694', 'Surat', 1893456000),
(695, 'User_695', 'Bengaluru', 1893456000),
(696, 'User_696', 'Mumbai', 1893456000),
(697, 'User_697', 'Delhi', 1893456000),
(698, 'User_698', 'Ahmedabad', 1893456000),
(699, 'User_699', 'Ahmedabad', 1893456000),
(700, 'User_700', 'Chennai', 1893456000),
(701, 'User_701', 'Hyderabad', 1893456000),
(702, 'User_702', 'Surat', 1893456000),
(703, 'User_703', 'Chennai', 1893456000),
(704, 'User_704', 'Surat', 1893456000),
(705, 'User_705', 'Hyderabad', 1893456000),
(706, 'User_706', 'Surat', 1893456000),
(707, 'User_707', 'Kolkata', 1893456000),
(708, 'User_708', 'Bengaluru', 1893456000),
(709, 'User_709', 'Surat', 1893456000),
(710, 'User_710', 'Surat', 1893456000),
(711, 'User_711', 'Bengaluru', 1893456000),
(712, 'User_712', 'Chennai', 1893456000),
(713, 'User_713', 'Delhi', 1893456000),
(714, 'User_714', 'Pune', 1893456000),
(715, 'User_715', 'Ahmedabad', 1893456000),
(716, 'User_716', 'Surat', 1893456000),
(717, 'User_717', 'Ahmedabad', 1893456000),
(718, 'User_718', 'Hyderabad', 1893456000),
(719, 'User_719', 'Chennai', 1893456000),
(720, 'User_720', 'Bengaluru', 1893456000),
(721, 'User_721', 'Ahmedabad', 1893456000),
(722, 'User_722', 'Delhi', 1893456000),
(723, 'User_723', 'Mumbai', 1893456000),
(724, 'User_724', 'Surat', 1893456000),
(725, 'User_725', 'Bengaluru', 1893456000),
(726, 'User_726', 'Bengaluru', 1893456000),
(727, 'User_727', 'Kolkata', 1893456000),
(728, 'User_728', 'Delhi', 1893456000),
(729, 'User_729', 'Chennai', 1893456000),
(730, 'User_730', 'Surat', 1893456000),
(731, 'User_731', 'Pune', 1893456000),
(732, 'User_732', 'Kolkata', 1893456000),
(733, 'User_733', 'Kolkata', 1893456000),
(734, 'User_734', 'Bengaluru', 1893456000),
(735, 'User_735', 'Kolkata', 1893456000),
(736, 'User_736', 'Chennai', 1893456000),
(737, 'User_737', 'Pune', 1893456000),
(738, 'User_738', 'Surat', 1893456000),
(739, 'User_739', 'Bengaluru', 1893456000),
(740, 'User_740', 'Kolkata', 1893456000),
(741, 'User_741', 'Surat', 1893456000),
(742, 'User_742', 'Ahmedabad', 1893456000),
(743, 'User_743', 'Kolkata', 1893456000),
(744, 'User_744', 'Hyderabad', 1893456000),
(745, 'User_745', 'Ahmedabad', 1893456000),
(746, 'User_746', 'Mumbai', 1893456000),
(747, 'User_747', 'Hyderabad', 1893456000),
(748, 'User_748', 'Delhi', 1893456000),
(749, 'User_749', 'Chennai', 1893456000),
(750, 'User_750', 'Chennai', 1893456000),
(751, 'User_751', 'Surat', 1893456000),
(752, 'User_752', 'Surat', 1893456000),
(753, 'User_753', 'Chennai', 1893456000),
(754, 'User_754', 'Pune', 1893456000),
(755, 'User_755', 'Surat', 1893456000),
(756, 'User_756', 'Hyderabad', 1893456000),
(757, 'User_757', 'Delhi', 1893456000),
(758, 'User_758', 'Surat', 1893456000),
(759, 'User_759', 'Surat', 1893456000),
(760, 'User_760', 'Mumbai', 1893456000),
(761, 'User_761', 'Bengaluru', 1893456000),
(762, 'User_762', 'Hyderabad', 1893456000),
(763, 'User_763', 'Kolkata', 1893456000),
(764, 'User_764', 'Delhi', 1893456000),
(765, 'User_765', 'Pune', 1893456000),
(766, 'User_766', 'Bengaluru', 1893456000),
(767, 'User_767', 'Hyderabad', 1893456000),
(768, 'User_768', 'Ahmedabad', 1893456000),
(769, 'User_769', 'Delhi', 1893456000),
(770, 'User_770', 'Pune', 1893456000),
(771, 'User_771', 'Hyderabad', 1893456000),
(772, 'User_772', 'Surat', 1893456000),
(773, 'User_773', 'Bengaluru', 1893456000),
(774, 'User_774', 'Kolkata', 1893456000),
(775, 'User_775', 'Mumbai', 1893456000),
(776, 'User_776', 'Pune', 1893456000),
(777, 'User_777', 'Surat', 1893456000),
(778, 'User_778', 'Mumbai', 1893456000),
(779, 'User_779', 'Hyderabad', 1893456000),
(780, 'User_780', 'Ahmedabad', 1893456000),
(781, 'User_781', 'Mumbai', 1893456000),
(782, 'User_782', 'Surat', 1893456000),
(783, 'User_783', 'Mumbai', 1893456000),
(784, 'User_784', 'Surat', 1893456000),
(785, 'User_785', 'Surat', 1893456000),
(786, 'User_786', 'Hyderabad', 1893456000),
(787, 'User_787', 'Mumbai', 1893456000),
(788, 'User_788', 'Ahmedabad', 1893456000),
(789, 'User_789', 'Pune', 1893456000),
(790, 'User_790', 'Delhi', 1893456000),
(791, 'User_791', 'Surat', 1893456000),
(792, 'User_792', 'Kolkata', 1893456000),
(793, 'User_793', 'Mumbai', 1893456000),
(794, 'User_794', 'Chennai', 1893456000),
(795, 'User_795', 'Chennai', 1893456000),
(796, 'User_796', 'Chennai', 1893456000),
(797, 'User_797', 'Chennai', 1893456000),
(798, 'User_798', 'Hyderabad', 1893456000),
(799, 'User_799', 'Mumbai', 1893456000),
(800, 'User_800', 'Surat', 1893456000),
(801, 'User_801', 'Hyderabad', 1893456000),
(802, 'User_802', 'Bengaluru', 1893456000),
(803, 'User_803', 'Pune', 1893456000),
(804, 'User_804', 'Hyderabad', 1893456000),
(805, 'User_805', 'Mumbai', 1893456000),
(806, 'User_806', 'Kolkata', 1893456000),
(807, 'User_807', 'Mumbai', 1893456000),
(808, 'User_808', 'Delhi', 1893456000),
(809, 'User_809', 'Chennai', 1893456000),
(810, 'User_810', 'Mumbai', 1893456000),
(811, 'User_811', 'Chennai', 1893456000),
(812, 'User_812', 'Surat', 1893456000),
(813, 'User_813', 'Ahmedabad', 1893456000),
(814, 'User_814', 'Chennai', 1893456000),
(815, 'User_815', 'Hyderabad', 1893456000),
(816, 'User_816', 'Mumbai', 1893456000),
(817, 'User_817', 'Pune', 1893456000),
(818, 'User_818', 'Bengaluru', 1893456000),
(819, 'User_819', 'Hyderabad', 1893456000),
(820, 'User_820', 'Mumbai', 1893456000),
(821, 'User_821', 'Surat', 1893456000),
(822, 'User_822', 'Bengaluru', 1893456000),
(823, 'User_823', 'Surat', 1893456000),
(824, 'User_824', 'Hyderabad', 1893456000),
(825, 'User_825', 'Chennai', 1893456000),
(826, 'User_826', 'Pune', 1893456000),
(827, 'User_827', 'Kolkata', 1893456000),
(828, 'User_828', 'Kolkata', 1893456000),
(829, 'User_829', 'Chennai', 1893456000),
(830, 'User_830', 'Pune', 1893456000),
(831, 'User_831', 'Ahmedabad', 1893456000),
(832, 'User_832', 'Kolkata', 1893456000),
(833, 'User_833', 'Hyderabad', 1893456000),
(834, 'User_834', 'Surat', 1893456000),
(835, 'User_835', 'Bengaluru', 1893456000),
(836, 'User_836', 'Mumbai', 1893456000),
(837, 'User_837', 'Hyderabad', 1893456000),
(838, 'User_838', 'Delhi', 1893456000),
(839, 'User_839', 'Chennai', 1893456000),
(840, 'User_840', 'Bengaluru', 1893456000),
(841, 'User_841', 'Kolkata', 1893456000),
(842, 'User_842', 'Surat', 1893456000),
(843, 'User_843', 'Kolkata', 1893456000),
(844, 'User_844', 'Hyderabad', 1893456000),
(845, 'User_845', 'Pune', 1893456000),
(846, 'User_846', 'Delhi', 1893456000),
(847, 'User_847', 'Kolkata', 1893456000),
(848, 'User_848', 'Ahmedabad', 1893456000),
(849, 'User_849', 'Delhi', 1893456000),
(850, 'User_850', 'Bengaluru', 1893456000),
(851, 'User_851', 'Delhi', 1893456000),
(852, 'User_852', 'Ahmedabad', 1893456000),
(853, 'User_853', 'Bengaluru', 1893456000),
(854, 'User_854', 'Pune', 1893456000),
(855, 'User_855', 'Ahmedabad', 1893456000),
(856, 'User_856', 'Pune', 1893456000),
(857, 'User_857', 'Chennai', 1893456000),
(858, 'User_858', 'Ahmedabad', 1893456000),
(859, 'User_859', 'Ahmedabad', 1893456000),
(860, 'User_860', 'Bengaluru', 1893456000),
(861, 'User_861', 'Ahmedabad', 1893456000),
(862, 'User_862', 'Pune', 1893456000),
(863, 'User_863', 'Kolkata', 1893456000),
(864, 'User_864', 'Surat', 1893456000),
(865, 'User_865', 'Mumbai', 1893456000),
(866, 'User_866', 'Ahmedabad', 1893456000),
(867, 'User_867', 'Hyderabad', 1893456000),
(868, 'User_868', 'Kolkata', 1893456000),
(869, 'User_869', 'Bengaluru', 1893456000),
(870, 'User_870', 'Chennai', 1893456000),
(871, 'User_871', 'Mumbai', 1893456000),
(872, 'User_872', 'Kolkata', 1893456000),
(873, 'User_873', 'Pune', 1893456000),
(874, 'User_874', 'Pune', 1893456000),
(875, 'User_875', 'Pune', 1893456000),
(876, 'User_876', 'Chennai', 1893456000),
(877, 'User_877', 'Bengaluru', 1893456000),
(878, 'User_878', 'Kolkata', 1893456000),
(879, 'User_879', 'Surat', 1893456000),
(880, 'User_880', 'Ahmedabad', 1893456000),
(881, 'User_881', 'Bengaluru', 1893456000),
(882, 'User_882', 'Ahmedabad', 1893456000),
(883, 'User_883', 'Surat', 1893456000),
(884, 'User_884', 'Pune', 1893456000),
(885, 'User_885', 'Bengaluru', 1893456000),
(886, 'User_886', 'Mumbai', 1893456000),
(887, 'User_887', 'Pune', 1893456000),
(888, 'User_888', 'Mumbai', 1893456000),
(889, 'User_889', 'Surat', 1893456000),
(890, 'User_890', 'Surat', 1893456000),
(891, 'User_891', 'Bengaluru', 1893456000),
(892, 'User_892', 'Bengaluru', 1893456000),
(893, 'User_893', 'Kolkata', 1893456000),
(894, 'User_894', 'Hyderabad', 1893456000),
(895, 'User_895', 'Pune', 1893456000),
(896, 'User_896', 'Bengaluru', 1893456000),
(897, 'User_897', 'Ahmedabad', 1893456000),
(898, 'User_898', 'Surat', 1893456000),
(899, 'User_899', 'Pune', 1893456000),
(900, 'User_900', 'Mumbai', 1893456000),
(901, 'User_901', 'Chennai', 1893456000),
(902, 'User_902', 'Kolkata', 1893456000),
(903, 'User_903', 'Bengaluru', 1893456000),
(904, 'User_904', 'Surat', 1893456000),
(905, 'User_905', 'Surat', 1893456000),
(906, 'User_906', 'Ahmedabad', 1893456000),
(907, 'User_907', 'Delhi', 1893456000),
(908, 'User_908', 'Ahmedabad', 1893456000),
(909, 'User_909', 'Ahmedabad', 1893456000),
(910, 'User_910', 'Kolkata', 1893456000),
(911, 'User_911', 'Ahmedabad', 1893456000),
(912, 'User_912', 'Ahmedabad', 1893456000),
(913, 'User_913', 'Ahmedabad', 1893456000),
(914, 'User_914', 'Surat', 1893456000),
(915, 'User_915', 'Chennai', 1893456000),
(916, 'User_916', 'Pune', 1893456000),
(917, 'User_917', 'Delhi', 1893456000),
(918, 'User_918', 'Hyderabad', 1893456000),
(919, 'User_919', 'Delhi', 1893456000),
(920, 'User_920', 'Hyderabad', 1893456000),
(921, 'User_921', 'Chennai', 1893456000),
(922, 'User_922', 'Ahmedabad', 1893456000),
(923, 'User_923', 'Mumbai', 1893456000),
(924, 'User_924', 'Ahmedabad', 1893456000),
(925, 'User_925', 'Pune', 1893456000),
(926, 'User_926', 'Chennai', 1893456000),
(927, 'User_927', 'Surat', 1893456000),
(928, 'User_928', 'Kolkata', 1893456000),
(929, 'User_929', 'Kolkata', 1893456000),
(930, 'User_930', 'Surat', 1893456000),
(931, 'User_931', 'Hyderabad', 1893456000),
(932, 'User_932', 'Bengaluru', 1893456000),
(933, 'User_933', 'Hyderabad', 1893456000),
(934, 'User_934', 'Pune', 1893456000),
(935, 'User_935', 'Bengaluru', 1893456000),
(936, 'User_936', 'Chennai', 1893456000),
(937, 'User_937', 'Bengaluru', 1893456000),
(938, 'User_938', 'Pune', 1893456000),
(939, 'User_939', 'Mumbai', 1893456000),
(940, 'User_940', 'Mumbai', 1893456000),
(941, 'User_941', 'Kolkata', 1893456000),
(942, 'User_942', 'Mumbai', 1893456000),
(943, 'User_943', 'Chennai', 1893456000),
(944, 'User_944', 'Pune', 1893456000),
(945, 'User_945', 'Surat', 1893456000),
(946, 'User_946', 'Bengaluru', 1893456000),
(947, 'User_947', 'Ahmedabad', 1893456000),
(948, 'User_948', 'Mumbai', 1893456000),
(949, 'User_949', 'Kolkata', 1893456000),
(950, 'User_950', 'Surat', 1893456000),
(951, 'User_951', 'Chennai', 1893456000),
(952, 'User_952', 'Hyderabad', 1893456000),
(953, 'User_953', 'Delhi', 1893456000),
(954, 'User_954', 'Chennai', 1893456000),
(955, 'User_955', 'Delhi', 1893456000),
(956, 'User_956', 'Chennai', 1893456000),
(957, 'User_957', 'Bengaluru', 1893456000),
(958, 'User_958', 'Chennai', 1893456000),
(959, 'User_959', 'Delhi', 1893456000),
(960, 'User_960', 'Kolkata', 1893456000),
(961, 'User_961', 'Mumbai', 1893456000),
(962, 'User_962', 'Chennai', 1893456000),
(963, 'User_963', 'Bengaluru', 1893456000),
(964, 'User_964', 'Hyderabad', 1893456000),
(965, 'User_965', 'Chennai', 1893456000),
(966, 'User_966', 'Chennai', 1893456000),
(967, 'User_967', 'Ahmedabad', 1893456000),
(968, 'User_968', 'Hyderabad', 1893456000),
(969, 'User_969', 'Bengaluru', 1893456000),
(970, 'User_970', 'Delhi', 1893456000),
(971, 'User_971', 'Pune', 1893456000),
(972, 'User_972', 'Delhi', 1893456000),
(973, 'User_973', 'Hyderabad', 1893456000),
(974, 'User_974', 'Pune', 1893456000),
(975, 'User_975', 'Chennai', 1893456000),
(976, 'User_976', 'Kolkata', 1893456000),
(977, 'User_977', 'Kolkata', 1893456000),
(978, 'User_978', 'Chennai', 1893456000),
(979, 'User_979', 'Surat', 1893456000),
(980, 'User_980', 'Chennai', 1893456000),
(981, 'User_981', 'Ahmedabad', 1893456000),
(982, 'User_982', 'Ahmedabad', 1893456000),
(983, 'User_983', 'Chennai', 1893456000),
(984, 'User_984', 'Bengaluru', 1893456000),
(985, 'User_985', 'Mumbai', 1893456000),
(986, 'User_986', 'Hyderabad', 1893456000),
(987, 'User_987', 'Hyderabad', 1893456000),
(988, 'User_988', 'Delhi', 1893456000),
(989, 'User_989', 'Bengaluru', 1893456000),
(990, 'User_990', 'Kolkata', 1893456000),
(991, 'User_991', 'Ahmedabad', 1893456000),
(992, 'User_992', 'Kolkata', 1893456000),
(993, 'User_993', 'Ahmedabad', 1893456000),
(994, 'User_994', 'Bengaluru', 1893456000),
(995, 'User_995', 'Kolkata', 1893456000),
(996, 'User_996', 'Bengaluru', 1893456000),
(997, 'User_997', 'Ahmedabad', 1893456000),
(998, 'User_998', 'Ahmedabad', 1893456000),
(999, 'User_999', 'Bengaluru', 1893456000),
(1000, 'User_1000', 'Chennai', 1893456000);

INSERT INTO PRODUCTS VALUES
(101, 'Product_1', 22884, 1893456000),
(102, 'Product_2', 14243, 1893456000),
(103, 'Product_3', 32898, 1893456000),
(104, 'Product_4', 3584, 1893456000),
(105, 'Product_5', 49944, 1893456000),
(106, 'Product_6', 48939, 1893456000),
(107, 'Product_7', 40902, 1893456000),
(108, 'Product_8', 36806, 1893456000),
(109, 'Product_9', 35631, 1893456000),
(110, 'Product_10', 30305, 1893456000),
(111, 'Product_11', 44655, 1893456000),
(112, 'Product_12', 44157, 1893456000),
(113, 'Product_13', 20707, 1893456000),
(114, 'Product_14', 5333, 1893456000),
(115, 'Product_15', 25085, 1893456000),
(116, 'Product_16', 46613, 1893456000),
(117, 'Product_17', 755, 1893456000),
(118, 'Product_18', 14659, 1893456000),
(119, 'Product_19', 29644, 1893456000),
(120, 'Product_20', 20583, 1893456000),
(121, 'Product_21', 2698, 1893456000),
(122, 'Product_22', 5743, 1893456000),
(123, 'Product_23', 21494, 1893456000),
(124, 'Product_24', 33813, 1893456000),
(125, 'Product_25', 35015, 1893456000),
(126, 'Product_26', 48874, 1893456000),
(127, 'Product_27', 22328, 1893456000),
(128, 'Product_28', 6959, 1893456000),
(129, 'Product_29', 40572, 1893456000),
(130, 'Product_30', 27637, 1893456000),
(131, 'Product_31', 40686, 1893456000),
(132, 'Product_32', 29205, 1893456000),
(133, 'Product_33', 18977, 1893456000),
(134, 'Product_34', 20555, 1893456000),
(135, 'Product_35', 22557, 1893456000),
(136, 'Product_36', 36589, 1893456000),
(137, 'Product_37', 49344, 1893456000),
(138, 'Product_38', 14929, 1893456000),
(139, 'Product_39', 4781, 1893456000),
(140, 'Product_40', 22907, 1893456000),
(141, 'Product_41', 30954, 1893456000),
(142, 'Product_42', 8035, 1893456000),
(143, 'Product_43', 6835, 1893456000),
(144, 'Product_44', 16538, 1893456000),
(145, 'Product_45', 33865, 1893456000),
(146, 'Product_46', 49257, 1893456000),
(147, 'Product_47', 1889, 1893456000),
(148, 'Product_48', 45609, 1893456000),
(149, 'Product_49', 45516, 1893456000),
(150, 'Product_50', 7045, 1893456000),
(151, 'Product_51', 10796, 1893456000),
(152, 'Product_52', 37673, 1893456000),
(153, 'Product_53', 42368, 1893456000),
(154, 'Product_54', 1618, 1893456000),
(155, 'Product_55', 32346, 1893456000),
(156, 'Product_56', 18408, 1893456000),
(157, 'Product_57', 23201, 1893456000),
(158, 'Product_58', 21554, 1893456000),
(159, 'Product_59', 43868, 1893456000),
(160, 'Product_60', 48961, 1893456000),
(161, 'Product_61', 18844, 1893456000),
(162, 'Product_62', 917, 1893456000),
(163, 'Product_63', 35121, 1893456000),
(164, 'Product_64', 35147, 1893456000),
(165, 'Product_65', 1200, 1893456000),
(166, 'Product_66', 11400, 1893456000),
(167, 'Product_67', 9884, 1893456000),
(168, 'Product_68', 34082, 1893456000),
(169, 'Product_69', 44285, 1893456000),
(170, 'Product_70', 2910, 1893456000),
(171, 'Product_71', 2990, 1893456000),
(172, 'Product_72', 16849, 1893456000),
(173, 'Product_73', 24192, 1893456000),
(174, 'Product_74', 46947, 1893456000),
(175, 'Product_75', 36189, 1893456000),
(176, 'Product_76', 23104, 1893456000),
(177, 'Product_77', 14614, 1893456000),
(178, 'Product_78', 38821, 1893456000),
(179, 'Product_79', 49775, 1893456000),
(180, 'Product_80', 39944, 1893456000),
(181, 'Product_81', 814, 1893456000),
(182, 'Product_82', 35569, 1893456000),
(183, 'Product_83', 31190, 1893456000),
(184, 'Product_84', 49032, 1893456000),
(185, 'Product_85', 4328, 1893456000),
(186, 'Product_86', 23622, 1893456000),
(187, 'Product_87', 1464, 1893456000),
(188, 'Product_88', 33412, 1893456000),
(189, 'Product_89', 40430, 1893456000),
(190, 'Product_90', 40347, 1893456000),
(191, 'Product_91', 35834, 1893456000),
(192, 'Product_92', 2422, 1893456000),
(193, 'Product_93', 46744, 1893456000),
(194, 'Product_94', 37713, 1893456000),
(195, 'Product_95', 12521, 1893456000),
(196, 'Product_96', 19175, 1893456000),
(197, 'Product_97', 17103, 1893456000),
(198, 'Product_98', 11045, 1893456000),
(199, 'Product_99', 21699, 1893456000),
(200, 'Product_100', 49476, 1893456000),
(201, 'Product_101', 7885, 1893456000),
(202, 'Product_102', 26703, 1893456000),
(203, 'Product_103', 31536, 1893456000),
(204, 'Product_104', 18507, 1893456000),
(205, 'Product_105', 6603, 1893456000),
(206, 'Product_106', 33985, 1893456000),
(207, 'Product_107', 44132, 1893456000),
(208, 'Product_108', 45394, 1893456000),
(209, 'Product_109', 28244, 1893456000),
(210, 'Product_110', 43837, 1893456000),
(211, 'Product_111', 43913, 1893456000),
(212, 'Product_112', 29134, 1893456000),
(213, 'Product_113', 31634, 1893456000),
(214, 'Product_114', 40669, 1893456000),
(215, 'Product_115', 35474, 1893456000),
(216, 'Product_116', 14362, 1893456000),
(217, 'Product_117', 36482, 1893456000),
(218, 'Product_118', 31942, 1893456000),
(219, 'Product_119', 34678, 1893456000),
(220, 'Product_120', 22391, 1893456000),
(221, 'Product_121', 34200, 1893456000),
(222, 'Product_122', 1679, 1893456000),
(223, 'Product_123', 41842, 1893456000),
(224, 'Product_124', 45441, 1893456000),
(225, 'Product_125', 23261, 1893456000),
(226, 'Product_126', 40037, 1893456000),
(227, 'Product_127', 17233, 1893456000),
(228, 'Product_128', 18254, 1893456000),
(229, 'Product_129', 47924, 1893456000),
(230, 'Product_130', 41629, 1893456000),
(231, 'Product_131', 1460, 1893456000),
(232, 'Product_132', 23526, 1893456000),
(233, 'Product_133', 6164, 1893456000),
(234, 'Product_134', 32231, 1893456000),
(235, 'Product_135', 29440, 1893456000),
(236, 'Product_136', 47190, 1893456000),
(237, 'Product_137', 17955, 1893456000),
(238, 'Product_138', 37701, 1893456000),
(239, 'Product_139', 46632, 1893456000),
(240, 'Product_140', 5520, 1893456000),
(241, 'Product_141', 45870, 1893456000),
(242, 'Product_142', 37813, 1893456000),
(243, 'Product_143', 20730, 1893456000),
(244, 'Product_144', 11700, 1893456000),
(245, 'Product_145', 31462, 1893456000),
(246, 'Product_146', 10340, 1893456000),
(247, 'Product_147', 10016, 1893456000),
(248, 'Product_148', 14553, 1893456000),
(249, 'Product_149', 1721, 1893456000),
(250, 'Product_150', 14417, 1893456000),
(251, 'Product_151', 33744, 1893456000),
(252, 'Product_152', 18244, 1893456000),
(253, 'Product_153', 32606, 1893456000),
(254, 'Product_154', 3859, 1893456000),
(255, 'Product_155', 43373, 1893456000),
(256, 'Product_156', 23943, 1893456000),
(257, 'Product_157', 5332, 1893456000),
(258, 'Product_158', 17654, 1893456000),
(259, 'Product_159', 28094, 1893456000),
(260, 'Product_160', 22618, 1893456000),
(261, 'Product_161', 24346, 1893456000),
(262, 'Product_162', 33398, 1893456000),
(263, 'Product_163', 13957, 1893456000),
(264, 'Product_164', 10037, 1893456000),
(265, 'Product_165', 16820, 1893456000),
(266, 'Product_166', 45800, 1893456000),
(267, 'Product_167', 30016, 1893456000),
(268, 'Product_168', 7774, 1893456000),
(269, 'Product_169', 17362, 1893456000),
(270, 'Product_170', 41987, 1893456000),
(271, 'Product_171', 8720, 1893456000),
(272, 'Product_172', 47145, 1893456000),
(273, 'Product_173', 26593, 1893456000),
(274, 'Product_174', 45692, 1893456000),
(275, 'Product_175', 32135, 1893456000),
(276, 'Product_176', 23614, 1893456000),
(277, 'Product_177', 9475, 1893456000),
(278, 'Product_178', 23267, 1893456000),
(279, 'Product_179', 42006, 1893456000),
(280, 'Product_180', 44114, 1893456000),
(281, 'Product_181', 14914, 1893456000),
(282, 'Product_182', 20581, 1893456000),
(283, 'Product_183', 27297, 1893456000),
(284, 'Product_184', 25296, 1893456000),
(285, 'Product_185', 39394, 1893456000),
(286, 'Product_186', 12735, 1893456000),
(287, 'Product_187', 17584, 1893456000),
(288, 'Product_188', 20941, 1893456000),
(289, 'Product_189', 8406, 1893456000),
(290, 'Product_190', 2233, 1893456000),
(291, 'Product_191', 7836, 1893456000),
(292, 'Product_192', 31919, 1893456000),
(293, 'Product_193', 5166, 1893456000),
(294, 'Product_194', 49770, 1893456000),
(295, 'Product_195', 1174, 1893456000),
(296, 'Product_196', 29904, 1893456000),
(297, 'Product_197', 19710, 1893456000),
(298, 'Product_198', 22297, 1893456000),
(299, 'Product_199', 39293, 1893456000),
(300, 'Product_200', 49248, 1893456000),
(301, 'Product_201', 17118, 1893456000),
(302, 'Product_202', 4199, 1893456000),
(303, 'Product_203', 32140, 1893456000),
(304, 'Product_204', 49249, 1893456000),
(305, 'Product_205', 187, 1893456000),
(306, 'Product_206', 43641, 1893456000),
(307, 'Product_207', 23582, 1893456000),
(308, 'Product_208', 3192, 1893456000),
(309, 'Product_209', 28982, 1893456000),
(310, 'Product_210', 11836, 1893456000),
(311, 'Product_211', 7922, 1893456000),
(312, 'Product_212', 3483, 1893456000),
(313, 'Product_213', 43479, 1893456000),
(314, 'Product_214', 37278, 1893456000),
(315, 'Product_215', 33054, 1893456000),
(316, 'Product_216', 48181, 1893456000),
(317, 'Product_217', 35010, 1893456000),
(318, 'Product_218', 45893, 1893456000),
(319, 'Product_219', 35409, 1893456000),
(320, 'Product_220', 39699, 1893456000),
(321, 'Product_221', 35646, 1893456000),
(322, 'Product_222', 42297, 1893456000),
(323, 'Product_223', 25265, 1893456000),
(324, 'Product_224', 32388, 1893456000),
(325, 'Product_225', 2148, 1893456000),
(326, 'Product_226', 37127, 1893456000),
(327, 'Product_227', 35569, 1893456000),
(328, 'Product_228', 1393, 1893456000),
(329, 'Product_229', 25130, 1893456000),
(330, 'Product_230', 12653, 1893456000),
(331, 'Product_231', 2627, 1893456000),
(332, 'Product_232', 31999, 1893456000),
(333, 'Product_233', 35104, 1893456000),
(334, 'Product_234', 23280, 1893456000),
(335, 'Product_235', 44734, 1893456000),
(336, 'Product_236', 44080, 1893456000),
(337, 'Product_237', 45263, 1893456000),
(338, 'Product_238', 26894, 1893456000),
(339, 'Product_239', 5887, 1893456000),
(340, 'Product_240', 13903, 1893456000),
(341, 'Product_241', 37017, 1893456000),
(342, 'Product_242', 16073, 1893456000),
(343, 'Product_243', 15012, 1893456000),
(344, 'Product_244', 49378, 1893456000),
(345, 'Product_245', 208, 1893456000),
(346, 'Product_246', 24928, 1893456000),
(347, 'Product_247', 6213, 1893456000),
(348, 'Product_248', 20093, 1893456000),
(349, 'Product_249', 14060, 1893456000),
(350, 'Product_250', 34109, 1893456000),
(351, 'Product_251', 26326, 1893456000),
(352, 'Product_252', 30097, 1893456000),
(353, 'Product_253', 33274, 1893456000),
(354, 'Product_254', 13559, 1893456000),
(355, 'Product_255', 20525, 1893456000),
(356, 'Product_256', 28909, 1893456000),
(357, 'Product_257', 21873, 1893456000),
(358, 'Product_258', 45616, 1893456000),
(359, 'Product_259', 11727, 1893456000),
(360, 'Product_260', 11780, 1893456000),
(361, 'Product_261', 2135, 1893456000),
(362, 'Product_262', 49358, 1893456000),
(363, 'Product_263', 48634, 1893456000),
(364, 'Product_264', 22064, 1893456000),
(365, 'Product_265', 41744, 1893456000),
(366, 'Product_266', 22587, 1893456000),
(367, 'Product_267', 14088, 1893456000),
(368, 'Product_268', 34930, 1893456000),
(369, 'Product_269', 8117, 1893456000),
(370, 'Product_270', 2338, 1893456000),
(371, 'Product_271', 40859, 1893456000),
(372, 'Product_272', 17616, 1893456000),
(373, 'Product_273', 3914, 1893456000),
(374, 'Product_274', 20071, 1893456000),
(375, 'Product_275', 29504, 1893456000),
(376, 'Product_276', 42560, 1893456000),
(377, 'Product_277', 25814, 1893456000),
(378, 'Product_278', 22409, 1893456000),
(379, 'Product_279', 15335, 1893456000),
(380, 'Product_280', 39917, 1893456000),
(381, 'Product_281', 3854, 1893456000),
(382, 'Product_282', 6372, 1893456000),
(383, 'Product_283', 33917, 1893456000),
(384, 'Product_284', 35783, 1893456000),
(385, 'Product_285', 45514, 1893456000),
(386, 'Product_286', 17510, 1893456000),
(387, 'Product_287', 19285, 1893456000),
(388, 'Product_288', 16881, 1893456000),
(389, 'Product_289', 1176, 1893456000),
(390, 'Product_290', 44760, 1893456000),
(391, 'Product_291', 25121, 1893456000),
(392, 'Product_292', 7694, 1893456000),
(393, 'Product_293', 25805, 1893456000),
(394, 'Product_294', 14857, 1893456000),
(395, 'Product_295', 23835, 1893456000),
(396, 'Product_296', 7797, 1893456000),
(397, 'Product_297', 31280, 1893456000),
(398, 'Product_298', 22310, 1893456000),
(399, 'Product_299', 28195, 1893456000),
(400, 'Product_300', 13459, 1893456000),
(401, 'Product_301', 31500, 1893456000),
(402, 'Product_302', 43430, 1893456000),
(403, 'Product_303', 39436, 1893456000),
(404, 'Product_304', 5534, 1893456000),
(405, 'Product_305', 33350, 1893456000),
(406, 'Product_306', 36823, 1893456000),
(407, 'Product_307', 32044, 1893456000),
(408, 'Product_308', 17055, 1893456000),
(409, 'Product_309', 47535, 1893456000),
(410, 'Product_310', 30053, 1893456000),
(411, 'Product_311', 29182, 1893456000),
(412, 'Product_312', 1618, 1893456000),
(413, 'Product_313', 2422, 1893456000),
(414, 'Product_314', 9177, 1893456000),
(415, 'Product_315', 39241, 1893456000),
(416, 'Product_316', 11606, 1893456000),
(417, 'Product_317', 15627, 1893456000),
(418, 'Product_318', 39585, 1893456000),
(419, 'Product_319', 42935, 1893456000),
(420, 'Product_320', 17352, 1893456000),
(421, 'Product_321', 39583, 1893456000),
(422, 'Product_322', 440, 1893456000),
(423, 'Product_323', 6997, 1893456000),
(424, 'Product_324', 27976, 1893456000),
(425, 'Product_325', 22049, 1893456000),
(426, 'Product_326', 30325, 1893456000),
(427, 'Product_327', 18475, 1893456000),
(428, 'Product_328', 3774, 1893456000),
(429, 'Product_329', 36157, 1893456000),
(430, 'Product_330', 32622, 1893456000),
(431, 'Product_331', 18369, 1893456000),
(432, 'Product_332', 46709, 1893456000),
(433, 'Product_333', 5504, 1893456000),
(434, 'Product_334', 8795, 1893456000),
(435, 'Product_335', 4292, 1893456000),
(436, 'Product_336', 13344, 1893456000),
(437, 'Product_337', 49112, 1893456000),
(438, 'Product_338', 21925, 1893456000),
(439, 'Product_339', 45684, 1893456000),
(440, 'Product_340', 27732, 1893456000),
(441, 'Product_341', 31231, 1893456000),
(442, 'Product_342', 42610, 1893456000),
(443, 'Product_343', 21010, 1893456000),
(444, 'Product_344', 17231, 1893456000),
(445, 'Product_345', 48682, 1893456000),
(446, 'Product_346', 34459, 1893456000),
(447, 'Product_347', 31514, 1893456000),
(448, 'Product_348', 2116, 1893456000),
(449, 'Product_349', 22895, 1893456000),
(450, 'Product_350', 7212, 1893456000),
(451, 'Product_351', 10801, 1893456000),
(452, 'Product_352', 44324, 1893456000),
(453, 'Product_353', 12859, 1893456000),
(454, 'Product_354', 14113, 1893456000),
(455, 'Product_355', 23410, 1893456000),
(456, 'Product_356', 15251, 1893456000),
(457, 'Product_357', 41083, 1893456000),
(458, 'Product_358', 25921, 1893456000),
(459, 'Product_359', 41951, 1893456000),
(460, 'Product_360', 46600, 1893456000),
(461, 'Product_361', 2640, 1893456000),
(462, 'Product_362', 43376, 1893456000),
(463, 'Product_363', 13435, 1893456000),
(464, 'Product_364', 38219, 1893456000),
(465, 'Product_365', 32350, 1893456000),
(466, 'Product_366', 38995, 1893456000),
(467, 'Product_367', 26574, 1893456000),
(468, 'Product_368', 43698, 1893456000),
(469, 'Product_369', 7077, 1893456000),
(470, 'Product_370', 27621, 1893456000),
(471, 'Product_371', 3020, 1893456000),
(472, 'Product_372', 40043, 1893456000),
(473, 'Product_373', 30305, 1893456000),
(474, 'Product_374', 12924, 1893456000),
(475, 'Product_375', 49999, 1893456000),
(476, 'Product_376', 18487, 1893456000),
(477, 'Product_377', 7778, 1893456000),
(478, 'Product_378', 4401, 1893456000),
(479, 'Product_379', 8371, 1893456000),
(480, 'Product_380', 29130, 1893456000),
(481, 'Product_381', 24280, 1893456000),
(482, 'Product_382', 14054, 1893456000),
(483, 'Product_383', 22975, 1893456000),
(484, 'Product_384', 5547, 1893456000),
(485, 'Product_385', 23037, 1893456000),
(486, 'Product_386', 17084, 1893456000),
(487, 'Product_387', 22871, 1893456000),
(488, 'Product_388', 17557, 1893456000),
(489, 'Product_389', 29236, 1893456000),
(490, 'Product_390', 23958, 1893456000),
(491, 'Product_391', 46797, 1893456000),
(492, 'Product_392', 40506, 1893456000),
(493, 'Product_393', 38573, 1893456000),
(494, 'Product_394', 9139, 1893456000),
(495, 'Product_395', 32357, 1893456000),
(496, 'Product_396', 29410, 1893456000),
(497, 'Product_397', 37084, 1893456000),
(498, 'Product_398', 25849, 1893456000),
(499, 'Product_399', 544, 1893456000),
(500, 'Product_400', 31311, 1893456000),
(501, 'Product_401', 4959, 1893456000),
(502, 'Product_402', 48519, 1893456000),
(503, 'Product_403', 9458, 1893456000),
(504, 'Product_404', 31350, 1893456000),
(505, 'Product_405', 43568, 1893456000),
(506, 'Product_406', 23615, 1893456000),
(507, 'Product_407', 33201, 1893456000),
(508, 'Product_408', 25326, 1893456000),
(509, 'Product_409', 45243, 1893456000),
(510, 'Product_410', 46563, 1893456000),
(511, 'Product_411', 46119, 1893456000),
(512, 'Product_412', 35974, 1893456000),
(513, 'Product_413', 49634, 1893456000),
(514, 'Product_414', 19858, 1893456000),
(515, 'Product_415', 17397, 1893456000),
(516, 'Product_416', 4731, 1893456000),
(517, 'Product_417', 15719, 1893456000),
(518, 'Product_418', 41495, 1893456000),
(519, 'Product_419', 31517, 1893456000),
(520, 'Product_420', 32263, 1893456000),
(521, 'Product_421', 37696, 1893456000),
(522, 'Product_422', 7037, 1893456000),
(523, 'Product_423', 41882, 1893456000),
(524, 'Product_424', 12784, 1893456000),
(525, 'Product_425', 2203, 1893456000),
(526, 'Product_426', 22167, 1893456000),
(527, 'Product_427', 27105, 1893456000),
(528, 'Product_428', 44010, 1893456000),
(529, 'Product_429', 29806, 1893456000),
(530, 'Product_430', 34477, 1893456000),
(531, 'Product_431', 44418, 1893456000),
(532, 'Product_432', 46417, 1893456000),
(533, 'Product_433', 5041, 1893456000),
(534, 'Product_434', 2289, 1893456000),
(535, 'Product_435', 31142, 1893456000),
(536, 'Product_436', 38647, 1893456000),
(537, 'Product_437', 11648, 1893456000),
(538, 'Product_438', 18694, 1893456000),
(539, 'Product_439', 27946, 1893456000),
(540, 'Product_440', 42465, 1893456000),
(541, 'Product_441', 24017, 1893456000),
(542, 'Product_442', 17724, 1893456000),
(543, 'Product_443', 43851, 1893456000),
(544, 'Product_444', 25354, 1893456000),
(545, 'Product_445', 408, 1893456000),
(546, 'Product_446', 7293, 1893456000),
(547, 'Product_447', 1268, 1893456000),
(548, 'Product_448', 9672, 1893456000),
(549, 'Product_449', 37774, 1893456000),
(550, 'Product_450', 25303, 1893456000),
(551, 'Product_451', 33917, 1893456000),
(552, 'Product_452', 43871, 1893456000),
(553, 'Product_453', 39094, 1893456000),
(554, 'Product_454', 4781, 1893456000),
(555, 'Product_455', 38938, 1893456000),
(556, 'Product_456', 39484, 1893456000),
(557, 'Product_457', 19977, 1893456000),
(558, 'Product_458', 16729, 1893456000),
(559, 'Product_459', 41138, 1893456000),
(560, 'Product_460', 19664, 1893456000),
(561, 'Product_461', 34273, 1893456000),
(562, 'Product_462', 47941, 1893456000),
(563, 'Product_463', 13787, 1893456000),
(564, 'Product_464', 16097, 1893456000),
(565, 'Product_465', 14450, 1893456000),
(566, 'Product_466', 4006, 1893456000),
(567, 'Product_467', 3862, 1893456000),
(568, 'Product_468', 47397, 1893456000),
(569, 'Product_469', 44275, 1893456000),
(570, 'Product_470', 33501, 1893456000),
(571, 'Product_471', 2516, 1893456000),
(572, 'Product_472', 41569, 1893456000),
(573, 'Product_473', 45215, 1893456000),
(574, 'Product_474', 47863, 1893456000),
(575, 'Product_475', 40793, 1893456000),
(576, 'Product_476', 44220, 1893456000),
(577, 'Product_477', 15802, 1893456000),
(578, 'Product_478', 21406, 1893456000),
(579, 'Product_479', 27124, 1893456000),
(580, 'Product_480', 17532, 1893456000),
(581, 'Product_481', 4250, 1893456000),
(582, 'Product_482', 10956, 1893456000),
(583, 'Product_483', 3182, 1893456000),
(584, 'Product_484', 16931, 1893456000),
(585, 'Product_485', 31797, 1893456000),
(586, 'Product_486', 7624, 1893456000),
(587, 'Product_487', 35666, 1893456000),
(588, 'Product_488', 34390, 1893456000),
(589, 'Product_489', 27868, 1893456000),
(590, 'Product_490', 40921, 1893456000),
(591, 'Product_491', 45639, 1893456000),
(592, 'Product_492', 15778, 1893456000),
(593, 'Product_493', 40776, 1893456000),
(594, 'Product_494', 14446, 1893456000),
(595, 'Product_495', 5723, 1893456000),
(596, 'Product_496', 43427, 1893456000),
(597, 'Product_497', 48143, 1893456000),
(598, 'Product_498', 44712, 1893456000),
(599, 'Product_499', 46157, 1893456000),
(600, 'Product_500', 36879, 1893456000);

INSERT INTO ORDERS VALUES
(1001, 362, 339, 8, 1893456000),
(1002, 332, 366, 8, 1893456000),
(1003, 285, 379, 5, 1893456000),
(1004, 580, 568, 3, 1893456000),
(1005, 62, 110, 8, 1893456000),
(1006, 725, 446, 6, 1893456000),
(1007, 899, 505, 6, 1893456000),
(1008, 201, 126, 10, 1893456000),
(1009, 118, 568, 7, 1893456000),
(1010, 46, 346, 7, 1893456000),
(1011, 397, 474, 7, 1893456000),
(1012, 817, 471, 4, 1893456000),
(1013, 372, 182, 2, 1893456000),
(1014, 133, 388, 2, 1893456000),
(1015, 795, 596, 7, 1893456000),
(1016, 803, 214, 7, 1893456000),
(1017, 436, 536, 8, 1893456000),
(1018, 27, 278, 9, 1893456000),
(1019, 113, 325, 8, 1893456000),
(1020, 435, 215, 7, 1893456000),
(1021, 711, 211, 4, 1893456000),
(1022, 241, 559, 6, 1893456000),
(1023, 660, 466, 10, 1893456000),
(1024, 943, 169, 7, 1893456000),
(1025, 407, 453, 2, 1893456000),
(1026, 9, 577, 1, 1893456000),
(1027, 555, 241, 8, 1893456000),
(1028, 78, 365, 6, 1893456000),
(1029, 770, 535, 10, 1893456000),
(1030, 721, 386, 1, 1893456000),
(1031, 55, 403, 4, 1893456000),
(1032, 866, 255, 6, 1893456000),
(1033, 913, 489, 5, 1893456000),
(1034, 17, 104, 5, 1893456000),
(1035, 583, 160, 9, 1893456000),
(1036, 678, 352, 4, 1893456000),
(1037, 799, 569, 8, 1893456000),
(1038, 809, 150, 4, 1893456000),
(1039, 275, 509, 1, 1893456000),
(1040, 717, 242, 1, 1893456000),
(1041, 658, 137, 10, 1893456000),
(1042, 149, 233, 2, 1893456000),
(1043, 318, 309, 6, 1893456000),
(1044, 188, 114, 10, 1893456000),
(1045, 389, 313, 1, 1893456000),
(1046, 869, 211, 5, 1893456000),
(1047, 363, 547, 9, 1893456000),
(1048, 805, 440, 9, 1893456000),
(1049, 471, 110, 9, 1893456000),
(1050, 499, 533, 3, 1893456000),
(1051, 167, 437, 2, 1893456000),
(1052, 499, 124, 8, 1893456000),
(1053, 307, 153, 9, 1893456000),
(1054, 99, 149, 8, 1893456000),
(1055, 396, 248, 2, 1893456000),
(1056, 314, 206, 3, 1893456000),
(1057, 368, 551, 3, 1893456000),
(1058, 35, 148, 10, 1893456000),
(1059, 693, 161, 10, 1893456000),
(1060, 23, 589, 5, 1893456000),
(1061, 938, 410, 9, 1893456000),
(1062, 111, 511, 9, 1893456000),
(1063, 183, 204, 9, 1893456000),
(1064, 326, 178, 10, 1893456000),
(1065, 260, 292, 6, 1893456000),
(1066, 46, 325, 8, 1893456000),
(1067, 664, 155, 7, 1893456000),
(1068, 451, 397, 1, 1893456000),
(1069, 728, 418, 3, 1893456000),
(1070, 290, 408, 8, 1893456000),
(1071, 376, 166, 5, 1893456000),
(1072, 875, 202, 7, 1893456000),
(1073, 163, 421, 2, 1893456000),
(1074, 695, 456, 10, 1893456000),
(1075, 411, 214, 4, 1893456000),
(1076, 442, 454, 9, 1893456000),
(1077, 530, 589, 3, 1893456000),
(1078, 284, 331, 9, 1893456000),
(1079, 369, 551, 5, 1893456000),
(1080, 660, 536, 3, 1893456000),
(1081, 176, 135, 6, 1893456000),
(1082, 831, 272, 4, 1893456000),
(1083, 184, 166, 4, 1893456000),
(1084, 762, 363, 7, 1893456000),
(1085, 122, 432, 6, 1893456000),
(1086, 851, 565, 5, 1893456000),
(1087, 588, 276, 7, 1893456000),
(1088, 607, 529, 7, 1893456000),
(1089, 262, 336, 4, 1893456000),
(1090, 92, 538, 8, 1893456000),
(1091, 247, 161, 3, 1893456000),
(1092, 854, 228, 10, 1893456000),
(1093, 729, 367, 1, 1893456000),
(1094, 140, 443, 3, 1893456000),
(1095, 445, 487, 3, 1893456000),
(1096, 580, 198, 3, 1893456000),
(1097, 742, 484, 5, 1893456000),
(1098, 59, 588, 9, 1893456000),
(1099, 274, 160, 6, 1893456000),
(1100, 801, 408, 9, 1893456000),
(1101, 900, 278, 4, 1893456000),
(1102, 374, 292, 1, 1893456000),
(1103, 206, 542, 3, 1893456000),
(1104, 272, 452, 4, 1893456000),
(1105, 619, 235, 3, 1893456000),
(1106, 679, 382, 1, 1893456000),
(1107, 217, 201, 2, 1893456000),
(1108, 168, 503, 4, 1893456000),
(1109, 989, 125, 6, 1893456000),
(1110, 703, 187, 6, 1893456000),
(1111, 988, 506, 10, 1893456000),
(1112, 919, 278, 5, 1893456000),
(1113, 287, 208, 5, 1893456000),
(1114, 617, 142, 10, 1893456000),
(1115, 86, 308, 1, 1893456000),
(1116, 916, 445, 6, 1893456000),
(1117, 192, 142, 3, 1893456000),
(1118, 863, 442, 8, 1893456000),
(1119, 844, 445, 9, 1893456000),
(1120, 92, 568, 5, 1893456000),
(1121, 527, 466, 7, 1893456000),
(1122, 802, 257, 6, 1893456000),
(1123, 274, 556, 3, 1893456000),
(1124, 371, 127, 9, 1893456000),
(1125, 64, 307, 10, 1893456000),
(1126, 234, 592, 2, 1893456000),
(1127, 458, 264, 7, 1893456000),
(1128, 819, 332, 9, 1893456000),
(1129, 84, 265, 6, 1893456000),
(1130, 477, 276, 4, 1893456000),
(1131, 897, 106, 6, 1893456000),
(1132, 80, 367, 1, 1893456000),
(1133, 347, 494, 2, 1893456000),
(1134, 972, 527, 1, 1893456000),
(1135, 323, 460, 5, 1893456000),
(1136, 738, 277, 10, 1893456000),
(1137, 521, 574, 6, 1893456000),
(1138, 232, 597, 3, 1893456000),
(1139, 601, 480, 1, 1893456000),
(1140, 345, 280, 7, 1893456000),
(1141, 408, 469, 1, 1893456000),
(1142, 167, 386, 5, 1893456000),
(1143, 473, 194, 6, 1893456000),
(1144, 789, 210, 7, 1893456000),
(1145, 434, 422, 3, 1893456000),
(1146, 930, 178, 9, 1893456000),
(1147, 199, 498, 3, 1893456000),
(1148, 778, 226, 10, 1893456000),
(1149, 199, 223, 9, 1893456000),
(1150, 64, 346, 8, 1893456000),
(1151, 883, 276, 1, 1893456000),
(1152, 104, 374, 4, 1893456000),
(1153, 251, 226, 9, 1893456000),
(1154, 114, 578, 4, 1893456000),
(1155, 926, 102, 5, 1893456000),
(1156, 34, 531, 3, 1893456000),
(1157, 716, 133, 10, 1893456000),
(1158, 478, 560, 6, 1893456000),
(1159, 724, 225, 3, 1893456000),
(1160, 399, 242, 5, 1893456000),
(1161, 317, 213, 2, 1893456000),
(1162, 978, 485, 3, 1893456000),
(1163, 421, 174, 6, 1893456000),
(1164, 319, 454, 7, 1893456000),
(1165, 385, 596, 7, 1893456000),
(1166, 666, 525, 7, 1893456000),
(1167, 512, 481, 3, 1893456000),
(1168, 423, 390, 5, 1893456000),
(1169, 632, 431, 4, 1893456000),
(1170, 673, 374, 9, 1893456000),
(1171, 443, 197, 8, 1893456000),
(1172, 128, 536, 3, 1893456000),
(1173, 786, 278, 8, 1893456000),
(1174, 141, 510, 1, 1893456000),
(1175, 221, 175, 4, 1893456000),
(1176, 326, 213, 7, 1893456000),
(1177, 574, 111, 2, 1893456000),
(1178, 479, 434, 8, 1893456000),
(1179, 344, 382, 4, 1893456000),
(1180, 387, 416, 5, 1893456000),
(1181, 467, 167, 1, 1893456000),
(1182, 631, 257, 6, 1893456000),
(1183, 696, 208, 7, 1893456000),
(1184, 497, 301, 1, 1893456000),
(1185, 220, 171, 5, 1893456000),
(1186, 310, 494, 8, 1893456000),
(1187, 73, 510, 6, 1893456000),
(1188, 973, 172, 3, 1893456000),
(1189, 969, 122, 6, 1893456000),
(1190, 270, 565, 3, 1893456000),
(1191, 799, 136, 4, 1893456000),
(1192, 254, 473, 3, 1893456000),
(1193, 814, 284, 10, 1893456000),
(1194, 526, 441, 2, 1893456000),
(1195, 488, 464, 9, 1893456000),
(1196, 684, 243, 7, 1893456000),
(1197, 358, 304, 9, 1893456000),
(1198, 568, 283, 1, 1893456000),
(1199, 169, 382, 6, 1893456000),
(1200, 227, 207, 9, 1893456000),
(1201, 682, 158, 7, 1893456000),
(1202, 677, 581, 4, 1893456000),
(1203, 123, 417, 5, 1893456000),
(1204, 826, 406, 1, 1893456000),
(1205, 929, 338, 8, 1893456000),
(1206, 541, 339, 6, 1893456000),
(1207, 775, 585, 3, 1893456000),
(1208, 15, 421, 5, 1893456000),
(1209, 486, 500, 2, 1893456000),
(1210, 877, 571, 6, 1893456000),
(1211, 945, 459, 8, 1893456000),
(1212, 778, 341, 2, 1893456000),
(1213, 799, 555, 8, 1893456000),
(1214, 498, 131, 1, 1893456000),
(1215, 25, 199, 8, 1893456000),
(1216, 81, 194, 6, 1893456000),
(1217, 328, 373, 10, 1893456000),
(1218, 939, 176, 1, 1893456000),
(1219, 311, 367, 6, 1893456000),
(1220, 499, 327, 7, 1893456000),
(1221, 996, 393, 9, 1893456000),
(1222, 854, 466, 1, 1893456000),
(1223, 119, 389, 5, 1893456000),
(1224, 849, 516, 8, 1893456000),
(1225, 616, 420, 10, 1893456000),
(1226, 681, 284, 3, 1893456000),
(1227, 103, 361, 6, 1893456000),
(1228, 628, 488, 9, 1893456000),
(1229, 492, 473, 8, 1893456000),
(1230, 321, 253, 5, 1893456000),
(1231, 652, 580, 3, 1893456000),
(1232, 518, 496, 2, 1893456000),
(1233, 450, 494, 5, 1893456000),
(1234, 865, 557, 5, 1893456000),
(1235, 141, 411, 5, 1893456000),
(1236, 827, 384, 6, 1893456000),
(1237, 73, 342, 7, 1893456000),
(1238, 385, 554, 6, 1893456000),
(1239, 894, 583, 3, 1893456000),
(1240, 114, 426, 8, 1893456000),
(1241, 823, 346, 1, 1893456000),
(1242, 517, 152, 6, 1893456000),
(1243, 543, 245, 8, 1893456000),
(1244, 731, 446, 10, 1893456000),
(1245, 928, 541, 6, 1893456000),
(1246, 544, 143, 4, 1893456000),
(1247, 502, 490, 9, 1893456000),
(1248, 253, 503, 10, 1893456000),
(1249, 808, 101, 7, 1893456000),
(1250, 578, 505, 10, 1893456000),
(1251, 585, 298, 6, 1893456000),
(1252, 569, 434, 8, 1893456000),
(1253, 600, 479, 10, 1893456000),
(1254, 786, 575, 4, 1893456000),
(1255, 24, 495, 2, 1893456000),
(1256, 895, 379, 4, 1893456000),
(1257, 770, 406, 10, 1893456000),
(1258, 812, 109, 9, 1893456000),
(1259, 860, 542, 8, 1893456000),
(1260, 141, 253, 6, 1893456000),
(1261, 549, 116, 6, 1893456000),
(1262, 369, 281, 2, 1893456000),
(1263, 760, 171, 1, 1893456000),
(1264, 136, 600, 8, 1893456000),
(1265, 450, 416, 7, 1893456000),
(1266, 276, 139, 5, 1893456000),
(1267, 380, 447, 8, 1893456000),
(1268, 64, 267, 1, 1893456000),
(1269, 145, 350, 8, 1893456000),
(1270, 810, 395, 2, 1893456000),
(1271, 283, 465, 6, 1893456000),
(1272, 638, 451, 9, 1893456000),
(1273, 167, 211, 8, 1893456000),
(1274, 330, 269, 10, 1893456000),
(1275, 309, 402, 4, 1893456000),
(1276, 924, 336, 7, 1893456000),
(1277, 38, 555, 2, 1893456000),
(1278, 13, 385, 10, 1893456000),
(1279, 214, 432, 2, 1893456000),
(1280, 291, 106, 1, 1893456000),
(1281, 60, 336, 7, 1893456000),
(1282, 393, 598, 4, 1893456000),
(1283, 224, 159, 1, 1893456000),
(1284, 186, 386, 5, 1893456000),
(1285, 692, 486, 4, 1893456000),
(1286, 457, 564, 3, 1893456000),
(1287, 567, 500, 4, 1893456000),
(1288, 136, 592, 6, 1893456000),
(1289, 219, 447, 1, 1893456000),
(1290, 351, 545, 7, 1893456000),
(1291, 831, 522, 6, 1893456000),
(1292, 604, 455, 2, 1893456000),
(1293, 665, 563, 4, 1893456000),
(1294, 866, 587, 9, 1893456000),
(1295, 109, 145, 3, 1893456000),
(1296, 509, 246, 2, 1893456000),
(1297, 636, 312, 9, 1893456000),
(1298, 853, 107, 3, 1893456000),
(1299, 954, 218, 8, 1893456000),
(1300, 271, 497, 10, 1893456000),
(1301, 679, 494, 2, 1893456000),
(1302, 71, 376, 9, 1893456000),
(1303, 940, 388, 3, 1893456000),
(1304, 736, 125, 5, 1893456000),
(1305, 633, 492, 7, 1893456000),
(1306, 804, 265, 7, 1893456000),
(1307, 596, 598, 3, 1893456000),
(1308, 519, 546, 9, 1893456000),
(1309, 407, 212, 10, 1893456000),
(1310, 925, 149, 1, 1893456000),
(1311, 107, 346, 6, 1893456000),
(1312, 55, 173, 5, 1893456000),
(1313, 661, 529, 3, 1893456000),
(1314, 875, 174, 2, 1893456000),
(1315, 202, 187, 5, 1893456000),
(1316, 216, 454, 7, 1893456000),
(1317, 686, 216, 10, 1893456000),
(1318, 996, 125, 2, 1893456000),
(1319, 441, 281, 9, 1893456000),
(1320, 29, 216, 1, 1893456000),
(1321, 955, 312, 10, 1893456000),
(1322, 661, 563, 7, 1893456000),
(1323, 982, 583, 2, 1893456000),
(1324, 134, 482, 5, 1893456000),
(1325, 447, 211, 3, 1893456000),
(1326, 243, 325, 5, 1893456000),
(1327, 854, 299, 7, 1893456000),
(1328, 780, 480, 6, 1893456000),
(1329, 564, 590, 6, 1893456000),
(1330, 144, 149, 7, 1893456000),
(1331, 815, 303, 2, 1893456000),
(1332, 554, 327, 2, 1893456000),
(1333, 2, 483, 5, 1893456000),
(1334, 629, 105, 6, 1893456000),
(1335, 786, 543, 3, 1893456000),
(1336, 19, 585, 7, 1893456000),
(1337, 511, 214, 6, 1893456000),
(1338, 896, 557, 8, 1893456000),
(1339, 362, 267, 1, 1893456000),
(1340, 431, 403, 6, 1893456000),
(1341, 917, 372, 5, 1893456000),
(1342, 778, 414, 6, 1893456000),
(1343, 700, 473, 7, 1893456000),
(1344, 293, 538, 1, 1893456000),
(1345, 301, 396, 5, 1893456000),
(1346, 523, 589, 5, 1893456000),
(1347, 475, 102, 6, 1893456000),
(1348, 577, 437, 8, 1893456000),
(1349, 425, 360, 5, 1893456000),
(1350, 419, 542, 9, 1893456000),
(1351, 183, 420, 9, 1893456000),
(1352, 651, 366, 9, 1893456000),
(1353, 887, 524, 7, 1893456000),
(1354, 673, 375, 3, 1893456000),
(1355, 153, 211, 5, 1893456000),
(1356, 964, 338, 8, 1893456000),
(1357, 273, 488, 1, 1893456000),
(1358, 144, 372, 5, 1893456000),
(1359, 379, 526, 9, 1893456000),
(1360, 964, 146, 9, 1893456000),
(1361, 258, 194, 4, 1893456000),
(1362, 340, 231, 5, 1893456000),
(1363, 957, 347, 8, 1893456000),
(1364, 700, 301, 1, 1893456000),
(1365, 789, 176, 7, 1893456000),
(1366, 734, 423, 7, 1893456000),
(1367, 984, 411, 10, 1893456000),
(1368, 80, 361, 8, 1893456000),
(1369, 284, 375, 3, 1893456000),
(1370, 744, 485, 2, 1893456000),
(1371, 356, 353, 5, 1893456000),
(1372, 569, 569, 10, 1893456000),
(1373, 488, 390, 1, 1893456000),
(1374, 765, 550, 3, 1893456000),
(1375, 645, 586, 8, 1893456000),
(1376, 559, 187, 10, 1893456000),
(1377, 399, 549, 4, 1893456000),
(1378, 949, 130, 7, 1893456000),
(1379, 695, 264, 9, 1893456000),
(1380, 701, 225, 2, 1893456000),
(1381, 250, 122, 7, 1893456000),
(1382, 680, 351, 9, 1893456000),
(1383, 515, 318, 6, 1893456000),
(1384, 873, 170, 10, 1893456000),
(1385, 355, 454, 6, 1893456000),
(1386, 322, 343, 9, 1893456000),
(1387, 519, 484, 4, 1893456000),
(1388, 800, 163, 7, 1893456000),
(1389, 549, 174, 3, 1893456000),
(1390, 746, 386, 8, 1893456000),
(1391, 874, 348, 3, 1893456000),
(1392, 721, 227, 7, 1893456000),
(1393, 21, 236, 3, 1893456000),
(1394, 90, 251, 4, 1893456000),
(1395, 526, 408, 3, 1893456000),
(1396, 367, 138, 10, 1893456000),
(1397, 372, 212, 5, 1893456000),
(1398, 197, 581, 7, 1893456000),
(1399, 18, 307, 6, 1893456000),
(1400, 960, 129, 5, 1893456000),
(1401, 58, 537, 5, 1893456000),
(1402, 476, 153, 10, 1893456000),
(1403, 937, 363, 1, 1893456000),
(1404, 587, 442, 10, 1893456000),
(1405, 634, 383, 3, 1893456000),
(1406, 313, 559, 3, 1893456000),
(1407, 253, 252, 1, 1893456000),
(1408, 537, 523, 4, 1893456000),
(1409, 554, 283, 4, 1893456000),
(1410, 435, 446, 9, 1893456000),
(1411, 884, 439, 4, 1893456000),
(1412, 930, 404, 9, 1893456000),
(1413, 722, 518, 10, 1893456000),
(1414, 124, 426, 5, 1893456000),
(1415, 635, 257, 9, 1893456000),
(1416, 177, 471, 3, 1893456000),
(1417, 388, 550, 8, 1893456000),
(1418, 135, 384, 10, 1893456000),
(1419, 164, 550, 7, 1893456000),
(1420, 642, 404, 1, 1893456000),
(1421, 475, 491, 9, 1893456000),
(1422, 620, 260, 6, 1893456000),
(1423, 22, 575, 7, 1893456000),
(1424, 48, 148, 8, 1893456000),
(1425, 144, 586, 9, 1893456000),
(1426, 63, 413, 7, 1893456000),
(1427, 922, 238, 1, 1893456000),
(1428, 194, 297, 5, 1893456000),
(1429, 493, 233, 5, 1893456000),
(1430, 55, 292, 4, 1893456000),
(1431, 859, 281, 9, 1893456000),
(1432, 509, 396, 2, 1893456000),
(1433, 579, 419, 9, 1893456000),
(1434, 236, 516, 9, 1893456000),
(1435, 470, 190, 7, 1893456000),
(1436, 771, 288, 3, 1893456000),
(1437, 103, 135, 5, 1893456000),
(1438, 94, 557, 6, 1893456000),
(1439, 328, 373, 3, 1893456000),
(1440, 984, 511, 7, 1893456000),
(1441, 668, 418, 9, 1893456000),
(1442, 883, 399, 7, 1893456000),
(1443, 835, 546, 2, 1893456000),
(1444, 335, 238, 6, 1893456000),
(1445, 159, 152, 6, 1893456000),
(1446, 47, 404, 9, 1893456000),
(1447, 871, 105, 3, 1893456000),
(1448, 855, 265, 2, 1893456000),
(1449, 555, 434, 7, 1893456000),
(1450, 495, 165, 1, 1893456000),
(1451, 970, 408, 8, 1893456000),
(1452, 281, 170, 6, 1893456000),
(1453, 116, 247, 5, 1893456000),
(1454, 803, 197, 4, 1893456000),
(1455, 407, 503, 1, 1893456000),
(1456, 770, 349, 4, 1893456000),
(1457, 448, 469, 6, 1893456000),
(1458, 99, 203, 10, 1893456000),
(1459, 943, 437, 7, 1893456000),
(1460, 492, 258, 6, 1893456000),
(1461, 671, 130, 2, 1893456000),
(1462, 963, 590, 7, 1893456000),
(1463, 174, 486, 6, 1893456000),
(1464, 843, 421, 5, 1893456000),
(1465, 31, 383, 10, 1893456000),
(1466, 956, 366, 3, 1893456000),
(1467, 634, 578, 6, 1893456000),
(1468, 912, 452, 7, 1893456000),
(1469, 545, 177, 9, 1893456000),
(1470, 419, 481, 4, 1893456000),
(1471, 694, 368, 3, 1893456000),
(1472, 66, 205, 2, 1893456000),
(1473, 53, 289, 8, 1893456000),
(1474, 474, 296, 4, 1893456000),
(1475, 658, 170, 1, 1893456000),
(1476, 951, 322, 1, 1893456000),
(1477, 1000, 578, 5, 1893456000),
(1478, 363, 142, 1, 1893456000),
(1479, 901, 121, 8, 1893456000),
(1480, 641, 559, 3, 1893456000),
(1481, 502, 582, 10, 1893456000),
(1482, 74, 510, 2, 1893456000),
(1483, 13, 436, 5, 1893456000),
(1484, 222, 328, 1, 1893456000),
(1485, 794, 572, 6, 1893456000),
(1486, 182, 513, 4, 1893456000),
(1487, 843, 304, 9, 1893456000),
(1488, 129, 569, 8, 1893456000),
(1489, 660, 277, 1, 1893456000),
(1490, 57, 403, 3, 1893456000),
(1491, 39, 165, 9, 1893456000),
(1492, 525, 323, 10, 1893456000),
(1493, 454, 236, 1, 1893456000),
(1494, 734, 252, 8, 1893456000),
(1495, 688, 540, 9, 1893456000),
(1496, 176, 307, 2, 1893456000),
(1497, 310, 359, 4, 1893456000),
(1498, 375, 169, 2, 1893456000),
(1499, 522, 122, 10, 1893456000),
(1500, 908, 132, 6, 1893456000),
(1501, 898, 342, 7, 1893456000),
(1502, 142, 512, 4, 1893456000),
(1503, 335, 184, 6, 1893456000),
(1504, 968, 299, 8, 1893456000),
(1505, 815, 353, 10, 1893456000),
(1506, 392, 319, 7, 1893456000),
(1507, 574, 578, 3, 1893456000),
(1508, 592, 183, 8, 1893456000),
(1509, 734, 140, 7, 1893456000),
(1510, 474, 178, 5, 1893456000),
(1511, 734, 237, 4, 1893456000),
(1512, 44, 202, 9, 1893456000),
(1513, 12, 223, 2, 1893456000),
(1514, 351, 379, 4, 1893456000),
(1515, 190, 339, 4, 1893456000),
(1516, 472, 600, 10, 1893456000),
(1517, 307, 372, 3, 1893456000),
(1518, 388, 280, 6, 1893456000),
(1519, 113, 579, 1, 1893456000),
(1520, 871, 264, 2, 1893456000),
(1521, 672, 261, 9, 1893456000),
(1522, 301, 182, 4, 1893456000),
(1523, 95, 327, 7, 1893456000),
(1524, 524, 493, 5, 1893456000),
(1525, 109, 287, 2, 1893456000),
(1526, 178, 379, 4, 1893456000),
(1527, 119, 344, 4, 1893456000),
(1528, 82, 203, 4, 1893456000),
(1529, 679, 565, 3, 1893456000),
(1530, 600, 359, 2, 1893456000),
(1531, 214, 506, 8, 1893456000),
(1532, 329, 305, 1, 1893456000),
(1533, 487, 521, 7, 1893456000),
(1534, 28, 415, 5, 1893456000),
(1535, 624, 460, 4, 1893456000),
(1536, 695, 462, 3, 1893456000),
(1537, 312, 151, 4, 1893456000),
(1538, 355, 130, 5, 1893456000),
(1539, 881, 283, 2, 1893456000),
(1540, 391, 584, 4, 1893456000),
(1541, 516, 522, 6, 1893456000),
(1542, 903, 158, 4, 1893456000),
(1543, 754, 122, 8, 1893456000),
(1544, 606, 553, 6, 1893456000),
(1545, 399, 119, 4, 1893456000),
(1546, 228, 366, 8, 1893456000),
(1547, 205, 332, 7, 1893456000),
(1548, 945, 332, 1, 1893456000),
(1549, 711, 320, 1, 1893456000),
(1550, 443, 298, 5, 1893456000),
(1551, 206, 227, 5, 1893456000),
(1552, 789, 549, 2, 1893456000),
(1553, 868, 265, 6, 1893456000),
(1554, 43, 550, 4, 1893456000),
(1555, 818, 405, 10, 1893456000),
(1556, 379, 234, 7, 1893456000),
(1557, 967, 168, 8, 1893456000),
(1558, 95, 315, 6, 1893456000),
(1559, 870, 299, 7, 1893456000),
(1560, 727, 194, 2, 1893456000),
(1561, 684, 580, 7, 1893456000),
(1562, 997, 102, 5, 1893456000),
(1563, 130, 597, 6, 1893456000),
(1564, 539, 246, 4, 1893456000),
(1565, 210, 468, 1, 1893456000),
(1566, 586, 479, 5, 1893456000),
(1567, 845, 180, 9, 1893456000),
(1568, 352, 270, 2, 1893456000),
(1569, 270, 591, 8, 1893456000),
(1570, 504, 566, 1, 1893456000),
(1571, 79, 161, 6, 1893456000),
(1572, 586, 353, 8, 1893456000),
(1573, 322, 498, 8, 1893456000),
(1574, 638, 581, 3, 1893456000),
(1575, 635, 518, 9, 1893456000),
(1576, 778, 389, 5, 1893456000),
(1577, 42, 352, 7, 1893456000),
(1578, 540, 198, 6, 1893456000),
(1579, 319, 350, 9, 1893456000),
(1580, 551, 487, 9, 1893456000),
(1581, 252, 533, 4, 1893456000),
(1582, 633, 224, 6, 1893456000),
(1583, 65, 393, 1, 1893456000),
(1584, 408, 256, 5, 1893456000),
(1585, 162, 391, 4, 1893456000),
(1586, 681, 378, 4, 1893456000),
(1587, 784, 584, 10, 1893456000),
(1588, 912, 376, 5, 1893456000),
(1589, 621, 444, 8, 1893456000),
(1590, 480, 108, 8, 1893456000),
(1591, 644, 417, 3, 1893456000),
(1592, 969, 320, 7, 1893456000),
(1593, 172, 200, 3, 1893456000),
(1594, 474, 448, 2, 1893456000),
(1595, 592, 311, 3, 1893456000),
(1596, 683, 198, 9, 1893456000),
(1597, 837, 106, 8, 1893456000),
(1598, 456, 564, 8, 1893456000),
(1599, 695, 508, 2, 1893456000),
(1600, 916, 127, 3, 1893456000),
(1601, 774, 176, 10, 1893456000),
(1602, 727, 564, 6, 1893456000),
(1603, 401, 287, 1, 1893456000),
(1604, 811, 344, 2, 1893456000),
(1605, 496, 478, 6, 1893456000),
(1606, 156, 463, 8, 1893456000),
(1607, 634, 247, 1, 1893456000),
(1608, 579, 184, 9, 1893456000),
(1609, 912, 431, 10, 1893456000),
(1610, 672, 311, 2, 1893456000),
(1611, 971, 246, 6, 1893456000),
(1612, 723, 195, 2, 1893456000),
(1613, 769, 176, 6, 1893456000),
(1614, 215, 258, 5, 1893456000),
(1615, 711, 306, 8, 1893456000),
(1616, 804, 558, 9, 1893456000),
(1617, 46, 455, 7, 1893456000),
(1618, 649, 120, 3, 1893456000),
(1619, 354, 335, 6, 1893456000),
(1620, 203, 108, 5, 1893456000),
(1621, 809, 398, 4, 1893456000),
(1622, 670, 324, 10, 1893456000),
(1623, 639, 504, 5, 1893456000),
(1624, 349, 445, 4, 1893456000),
(1625, 279, 331, 9, 1893456000),
(1626, 147, 302, 8, 1893456000),
(1627, 11, 542, 3, 1893456000),
(1628, 881, 203, 4, 1893456000),
(1629, 851, 253, 4, 1893456000),
(1630, 360, 262, 4, 1893456000),
(1631, 786, 532, 6, 1893456000),
(1632, 51, 525, 2, 1893456000),
(1633, 200, 148, 1, 1893456000),
(1634, 686, 305, 7, 1893456000),
(1635, 257, 127, 4, 1893456000),
(1636, 705, 575, 6, 1893456000),
(1637, 167, 132, 4, 1893456000),
(1638, 439, 115, 4, 1893456000),
(1639, 906, 508, 2, 1893456000),
(1640, 800, 586, 4, 1893456000),
(1641, 985, 165, 7, 1893456000),
(1642, 860, 533, 7, 1893456000),
(1643, 788, 174, 8, 1893456000),
(1644, 816, 413, 2, 1893456000),
(1645, 385, 329, 10, 1893456000),
(1646, 292, 487, 6, 1893456000),
(1647, 241, 469, 1, 1893456000),
(1648, 74, 549, 2, 1893456000),
(1649, 697, 308, 5, 1893456000),
(1650, 107, 108, 10, 1893456000),
(1651, 842, 555, 8, 1893456000),
(1652, 288, 144, 8, 1893456000),
(1653, 500, 187, 6, 1893456000),
(1654, 356, 551, 10, 1893456000),
(1655, 970, 283, 7, 1893456000),
(1656, 161, 446, 1, 1893456000),
(1657, 805, 270, 3, 1893456000),
(1658, 483, 511, 5, 1893456000),
(1659, 994, 592, 1, 1893456000),
(1660, 978, 424, 7, 1893456000),
(1661, 349, 292, 4, 1893456000),
(1662, 621, 259, 7, 1893456000),
(1663, 672, 266, 1, 1893456000),
(1664, 702, 105, 7, 1893456000),
(1665, 410, 395, 8, 1893456000),
(1666, 507, 131, 8, 1893456000),
(1667, 947, 292, 2, 1893456000),
(1668, 999, 431, 10, 1893456000),
(1669, 635, 420, 7, 1893456000),
(1670, 563, 466, 6, 1893456000),
(1671, 162, 160, 9, 1893456000),
(1672, 375, 555, 2, 1893456000),
(1673, 569, 305, 2, 1893456000),
(1674, 450, 315, 3, 1893456000),
(1675, 505, 376, 9, 1893456000),
(1676, 285, 175, 4, 1893456000),
(1677, 809, 329, 5, 1893456000),
(1678, 504, 465, 2, 1893456000),
(1679, 124, 343, 6, 1893456000),
(1680, 792, 508, 10, 1893456000),
(1681, 355, 396, 3, 1893456000),
(1682, 980, 570, 4, 1893456000),
(1683, 299, 587, 3, 1893456000),
(1684, 659, 478, 5, 1893456000),
(1685, 884, 432, 8, 1893456000),
(1686, 129, 491, 3, 1893456000),
(1687, 470, 413, 6, 1893456000),
(1688, 102, 227, 1, 1893456000),
(1689, 225, 368, 10, 1893456000),
(1690, 258, 581, 3, 1893456000),
(1691, 954, 148, 9, 1893456000),
(1692, 532, 173, 8, 1893456000),
(1693, 171, 320, 9, 1893456000),
(1694, 867, 104, 9, 1893456000),
(1695, 572, 428, 7, 1893456000),
(1696, 917, 510, 5, 1893456000),
(1697, 904, 241, 2, 1893456000),
(1698, 266, 233, 2, 1893456000),
(1699, 82, 469, 6, 1893456000),
(1700, 311, 513, 2, 1893456000),
(1701, 69, 269, 5, 1893456000),
(1702, 355, 303, 3, 1893456000),
(1703, 517, 134, 7, 1893456000),
(1704, 266, 151, 7, 1893456000),
(1705, 395, 462, 4, 1893456000),
(1706, 225, 298, 1, 1893456000),
(1707, 696, 329, 1, 1893456000),
(1708, 453, 469, 10, 1893456000),
(1709, 339, 310, 10, 1893456000),
(1710, 864, 104, 9, 1893456000),
(1711, 677, 507, 1, 1893456000),
(1712, 242, 283, 8, 1893456000),
(1713, 665, 133, 6, 1893456000),
(1714, 234, 197, 6, 1893456000),
(1715, 821, 416, 6, 1893456000),
(1716, 770, 240, 2, 1893456000),
(1717, 33, 294, 1, 1893456000),
(1718, 632, 143, 3, 1893456000),
(1719, 219, 151, 4, 1893456000),
(1720, 820, 114, 2, 1893456000),
(1721, 551, 433, 7, 1893456000),
(1722, 671, 135, 6, 1893456000),
(1723, 131, 176, 4, 1893456000),
(1724, 80, 170, 3, 1893456000),
(1725, 933, 477, 7, 1893456000),
(1726, 410, 314, 3, 1893456000),
(1727, 569, 163, 7, 1893456000),
(1728, 978, 386, 4, 1893456000),
(1729, 159, 559, 5, 1893456000),
(1730, 181, 407, 4, 1893456000),
(1731, 49, 460, 6, 1893456000),
(1732, 387, 302, 8, 1893456000),
(1733, 739, 326, 6, 1893456000),
(1734, 940, 292, 8, 1893456000),
(1735, 286, 198, 1, 1893456000),
(1736, 882, 229, 2, 1893456000),
(1737, 201, 504, 4, 1893456000),
(1738, 593, 168, 7, 1893456000),
(1739, 168, 195, 7, 1893456000),
(1740, 950, 583, 6, 1893456000),
(1741, 765, 128, 2, 1893456000),
(1742, 231, 359, 5, 1893456000),
(1743, 957, 530, 5, 1893456000),
(1744, 709, 516, 6, 1893456000),
(1745, 174, 273, 1, 1893456000),
(1746, 129, 393, 5, 1893456000),
(1747, 70, 571, 6, 1893456000),
(1748, 792, 268, 10, 1893456000),
(1749, 338, 272, 1, 1893456000),
(1750, 51, 182, 1, 1893456000),
(1751, 598, 183, 3, 1893456000),
(1752, 215, 593, 7, 1893456000),
(1753, 827, 314, 1, 1893456000),
(1754, 171, 183, 9, 1893456000),
(1755, 134, 169, 5, 1893456000),
(1756, 801, 329, 10, 1893456000),
(1757, 873, 558, 3, 1893456000),
(1758, 796, 294, 6, 1893456000),
(1759, 750, 292, 7, 1893456000),
(1760, 464, 240, 10, 1893456000),
(1761, 325, 568, 3, 1893456000),
(1762, 291, 281, 3, 1893456000),
(1763, 380, 305, 2, 1893456000),
(1764, 240, 275, 5, 1893456000),
(1765, 803, 159, 8, 1893456000),
(1766, 932, 497, 5, 1893456000),
(1767, 838, 393, 1, 1893456000),
(1768, 62, 474, 1, 1893456000),
(1769, 403, 499, 3, 1893456000),
(1770, 437, 187, 8, 1893456000),
(1771, 864, 429, 5, 1893456000),
(1772, 18, 486, 9, 1893456000),
(1773, 744, 236, 1, 1893456000),
(1774, 447, 301, 4, 1893456000),
(1775, 715, 469, 6, 1893456000),
(1776, 514, 545, 1, 1893456000),
(1777, 940, 253, 1, 1893456000),
(1778, 459, 418, 5, 1893456000),
(1779, 239, 350, 7, 1893456000),
(1780, 548, 230, 6, 1893456000),
(1781, 653, 526, 8, 1893456000),
(1782, 372, 566, 6, 1893456000),
(1783, 453, 587, 4, 1893456000),
(1784, 625, 192, 3, 1893456000),
(1785, 190, 559, 9, 1893456000),
(1786, 594, 204, 3, 1893456000),
(1787, 782, 546, 9, 1893456000),
(1788, 660, 261, 3, 1893456000),
(1789, 859, 243, 6, 1893456000),
(1790, 24, 360, 1, 1893456000),
(1791, 203, 384, 5, 1893456000),
(1792, 777, 178, 5, 1893456000),
(1793, 667, 507, 5, 1893456000),
(1794, 829, 248, 7, 1893456000),
(1795, 696, 599, 8, 1893456000),
(1796, 850, 258, 2, 1893456000),
(1797, 178, 600, 3, 1893456000),
(1798, 893, 302, 6, 1893456000),
(1799, 773, 203, 1, 1893456000),
(1800, 779, 227, 1, 1893456000),
(1801, 400, 396, 3, 1893456000),
(1802, 958, 465, 9, 1893456000),
(1803, 248, 141, 6, 1893456000),
(1804, 156, 444, 9, 1893456000),
(1805, 861, 121, 10, 1893456000),
(1806, 422, 177, 4, 1893456000),
(1807, 957, 325, 5, 1893456000),
(1808, 531, 209, 9, 1893456000),
(1809, 193, 351, 9, 1893456000),
(1810, 241, 409, 9, 1893456000),
(1811, 691, 483, 10, 1893456000),
(1812, 578, 262, 1, 1893456000),
(1813, 473, 310, 5, 1893456000),
(1814, 684, 445, 4, 1893456000),
(1815, 401, 533, 3, 1893456000),
(1816, 549, 438, 8, 1893456000),
(1817, 974, 200, 7, 1893456000),
(1818, 792, 383, 1, 1893456000),
(1819, 408, 377, 8, 1893456000),
(1820, 256, 503, 7, 1893456000),
(1821, 460, 540, 7, 1893456000),
(1822, 674, 432, 6, 1893456000),
(1823, 953, 249, 10, 1893456000),
(1824, 63, 438, 10, 1893456000),
(1825, 71, 251, 2, 1893456000),
(1826, 971, 227, 9, 1893456000),
(1827, 180, 509, 10, 1893456000),
(1828, 435, 139, 8, 1893456000),
(1829, 380, 459, 8, 1893456000),
(1830, 101, 513, 1, 1893456000),
(1831, 900, 143, 5, 1893456000),
(1832, 557, 179, 8, 1893456000),
(1833, 454, 508, 4, 1893456000),
(1834, 939, 144, 7, 1893456000),
(1835, 494, 398, 1, 1893456000),
(1836, 542, 158, 1, 1893456000),
(1837, 642, 463, 4, 1893456000),
(1838, 407, 269, 7, 1893456000),
(1839, 576, 461, 4, 1893456000),
(1840, 698, 418, 2, 1893456000),
(1841, 793, 583, 9, 1893456000),
(1842, 595, 289, 4, 1893456000),
(1843, 426, 467, 8, 1893456000),
(1844, 747, 530, 8, 1893456000),
(1845, 409, 285, 5, 1893456000),
(1846, 364, 205, 7, 1893456000),
(1847, 645, 268, 9, 1893456000),
(1848, 577, 164, 6, 1893456000),
(1849, 428, 568, 3, 1893456000),
(1850, 571, 406, 2, 1893456000),
(1851, 739, 298, 1, 1893456000),
(1852, 690, 371, 2, 1893456000),
(1853, 485, 115, 2, 1893456000),
(1854, 347, 413, 6, 1893456000),
(1855, 889, 415, 10, 1893456000),
(1856, 865, 579, 7, 1893456000),
(1857, 946, 544, 2, 1893456000),
(1858, 586, 187, 4, 1893456000),
(1859, 452, 506, 9, 1893456000),
(1860, 131, 110, 8, 1893456000),
(1861, 675, 303, 9, 1893456000),
(1862, 695, 354, 2, 1893456000),
(1863, 68, 201, 2, 1893456000),
(1864, 826, 493, 7, 1893456000),
(1865, 290, 274, 4, 1893456000),
(1866, 216, 593, 10, 1893456000),
(1867, 520, 332, 9, 1893456000),
(1868, 192, 172, 10, 1893456000),
(1869, 125, 505, 1, 1893456000),
(1870, 824, 198, 6, 1893456000),
(1871, 448, 182, 1, 1893456000),
(1872, 320, 504, 6, 1893456000),
(1873, 524, 542, 7, 1893456000),
(1874, 362, 383, 10, 1893456000),
(1875, 476, 383, 1, 1893456000),
(1876, 636, 553, 9, 1893456000),
(1877, 110, 482, 4, 1893456000),
(1878, 191, 251, 9, 1893456000),
(1879, 236, 356, 7, 1893456000),
(1880, 190, 164, 1, 1893456000),
(1881, 32, 572, 9, 1893456000),
(1882, 84, 544, 4, 1893456000),
(1883, 87, 599, 8, 1893456000),
(1884, 453, 224, 10, 1893456000),
(1885, 650, 239, 3, 1893456000),
(1886, 904, 402, 6, 1893456000),
(1887, 178, 504, 7, 1893456000),
(1888, 175, 550, 10, 1893456000),
(1889, 936, 536, 5, 1893456000),
(1890, 110, 531, 10, 1893456000),
(1891, 342, 356, 6, 1893456000),
(1892, 393, 275, 3, 1893456000),
(1893, 488, 325, 5, 1893456000),
(1894, 443, 387, 9, 1893456000),
(1895, 287, 107, 10, 1893456000),
(1896, 707, 400, 4, 1893456000),
(1897, 963, 230, 7, 1893456000),
(1898, 823, 387, 6, 1893456000),
(1899, 262, 579, 2, 1893456000),
(1900, 570, 201, 10, 1893456000),
(1901, 884, 591, 6, 1893456000),
(1902, 910, 246, 5, 1893456000),
(1903, 40, 239, 10, 1893456000),
(1904, 194, 207, 9, 1893456000),
(1905, 242, 229, 5, 1893456000),
(1906, 140, 509, 3, 1893456000),
(1907, 536, 136, 8, 1893456000),
(1908, 763, 468, 3, 1893456000),
(1909, 17, 120, 3, 1893456000),
(1910, 891, 514, 1, 1893456000),
(1911, 361, 402, 9, 1893456000),
(1912, 906, 274, 1, 1893456000),
(1913, 252, 370, 9, 1893456000),
(1914, 141, 507, 3, 1893456000),
(1915, 117, 142, 7, 1893456000),
(1916, 327, 455, 7, 1893456000),
(1917, 223, 219, 2, 1893456000),
(1918, 802, 230, 6, 1893456000),
(1919, 715, 309, 1, 1893456000),
(1920, 898, 481, 3, 1893456000),
(1921, 613, 346, 4, 1893456000),
(1922, 274, 593, 1, 1893456000),
(1923, 792, 177, 6, 1893456000),
(1924, 75, 224, 7, 1893456000),
(1925, 159, 122, 7, 1893456000),
(1926, 675, 152, 8, 1893456000),
(1927, 616, 462, 2, 1893456000),
(1928, 546, 217, 3, 1893456000),
(1929, 868, 192, 9, 1893456000),
(1930, 465, 427, 10, 1893456000),
(1931, 189, 594, 6, 1893456000),
(1932, 688, 167, 9, 1893456000),
(1933, 786, 218, 2, 1893456000),
(1934, 549, 447, 7, 1893456000),
(1935, 958, 177, 7, 1893456000),
(1936, 874, 163, 6, 1893456000),
(1937, 48, 472, 3, 1893456000),
(1938, 376, 379, 1, 1893456000),
(1939, 977, 163, 4, 1893456000),
(1940, 127, 254, 9, 1893456000),
(1941, 867, 502, 6, 1893456000),
(1942, 959, 470, 8, 1893456000),
(1943, 691, 354, 9, 1893456000),
(1944, 267, 218, 8, 1893456000),
(1945, 755, 114, 1, 1893456000),
(1946, 802, 569, 2, 1893456000),
(1947, 383, 301, 7, 1893456000),
(1948, 186, 534, 5, 1893456000),
(1949, 333, 273, 6, 1893456000),
(1950, 7, 418, 3, 1893456000),
(1951, 275, 211, 1, 1893456000),
(1952, 600, 520, 5, 1893456000),
(1953, 253, 322, 5, 1893456000),
(1954, 773, 364, 7, 1893456000),
(1955, 308, 352, 1, 1893456000),
(1956, 673, 441, 1, 1893456000),
(1957, 298, 237, 1, 1893456000),
(1958, 715, 231, 4, 1893456000),
(1959, 571, 312, 6, 1893456000),
(1960, 741, 452, 5, 1893456000),
(1961, 621, 337, 4, 1893456000),
(1962, 113, 269, 10, 1893456000),
(1963, 210, 504, 3, 1893456000),
(1964, 727, 555, 6, 1893456000),
(1965, 636, 595, 6, 1893456000),
(1966, 33, 155, 7, 1893456000),
(1967, 268, 380, 6, 1893456000),
(1968, 620, 275, 9, 1893456000),
(1969, 503, 246, 8, 1893456000),
(1970, 676, 108, 3, 1893456000),
(1971, 389, 270, 6, 1893456000),
(1972, 484, 436, 5, 1893456000),
(1973, 603, 401, 5, 1893456000),
(1974, 546, 472, 1, 1893456000),
(1975, 62, 169, 1, 1893456000),
(1976, 651, 282, 4, 1893456000),
(1977, 810, 199, 6, 1893456000),
(1978, 272, 540, 9, 1893456000),
(1979, 258, 485, 5, 1893456000),
(1980, 646, 294, 2, 1893456000),
(1981, 523, 262, 5, 1893456000),
(1982, 228, 117, 6, 1893456000),
(1983, 937, 560, 8, 1893456000),
(1984, 99, 497, 10, 1893456000),
(1985, 43, 474, 7, 1893456000),
(1986, 859, 116, 6, 1893456000),
(1987, 725, 187, 2, 1893456000),
(1988, 830, 449, 1, 1893456000),
(1989, 285, 176, 7, 1893456000),
(1990, 257, 406, 3, 1893456000),
(1991, 303, 268, 9, 1893456000),
(1992, 578, 461, 5, 1893456000),
(1993, 87, 415, 1, 1893456000),
(1994, 477, 140, 1, 1893456000),
(1995, 981, 534, 5, 1893456000),
(1996, 138, 342, 2, 1893456000),
(1997, 680, 303, 4, 1893456000),
(1998, 985, 132, 4, 1893456000),
(1999, 12, 116, 4, 1893456000),
(2000, 759, 346, 5, 1893456000),
(2001, 265, 199, 4, 1893456000),
(2002, 243, 276, 3, 1893456000),
(2003, 660, 314, 8, 1893456000),
(2004, 819, 509, 10, 1893456000),
(2005, 510, 145, 3, 1893456000),
(2006, 861, 451, 4, 1893456000),
(2007, 696, 569, 6, 1893456000),
(2008, 508, 250, 10, 1893456000),
(2009, 306, 405, 2, 1893456000),
(2010, 732, 525, 10, 1893456000),
(2011, 12, 318, 9, 1893456000),
(2012, 305, 267, 5, 1893456000),
(2013, 889, 104, 7, 1893456000),
(2014, 6, 390, 5, 1893456000),
(2015, 542, 462, 9, 1893456000),
(2016, 416, 301, 10, 1893456000),
(2017, 988, 469, 5, 1893456000),
(2018, 535, 269, 8, 1893456000),
(2019, 580, 281, 8, 1893456000),
(2020, 484, 315, 1, 1893456000),
(2021, 451, 380, 9, 1893456000),
(2022, 965, 311, 1, 1893456000),
(2023, 911, 301, 10, 1893456000),
(2024, 915, 113, 6, 1893456000),
(2025, 304, 598, 5, 1893456000),
(2026, 467, 146, 9, 1893456000),
(2027, 354, 402, 1, 1893456000),
(2028, 521, 364, 6, 1893456000),
(2029, 326, 549, 10, 1893456000),
(2030, 395, 338, 9, 1893456000),
(2031, 399, 453, 3, 1893456000),
(2032, 296, 381, 2, 1893456000),
(2033, 569, 348, 5, 1893456000),
(2034, 493, 176, 2, 1893456000),
(2035, 105, 462, 4, 1893456000),
(2036, 920, 570, 5, 1893456000),
(2037, 700, 135, 6, 1893456000),
(2038, 73, 165, 7, 1893456000),
(2039, 318, 167, 2, 1893456000),
(2040, 709, 544, 7, 1893456000),
(2041, 101, 510, 2, 1893456000),
(2042, 197, 339, 3, 1893456000),
(2043, 382, 545, 1, 1893456000),
(2044, 332, 537, 7, 1893456000),
(2045, 4, 307, 3, 1893456000),
(2046, 819, 598, 3, 1893456000),
(2047, 359, 330, 1, 1893456000),
(2048, 135, 359, 10, 1893456000),
(2049, 845, 528, 5, 1893456000),
(2050, 533, 578, 2, 1893456000),
(2051, 314, 211, 9, 1893456000),
(2052, 614, 541, 2, 1893456000),
(2053, 460, 419, 3, 1893456000),
(2054, 15, 476, 2, 1893456000),
(2055, 577, 239, 3, 1893456000),
(2056, 286, 224, 9, 1893456000),
(2057, 563, 384, 6, 1893456000),
(2058, 201, 166, 9, 1893456000),
(2059, 318, 327, 3, 1893456000),
(2060, 251, 402, 7, 1893456000),
(2061, 327, 520, 3, 1893456000),
(2062, 948, 385, 3, 1893456000),
(2063, 907, 390, 3, 1893456000),
(2064, 335, 226, 2, 1893456000),
(2065, 929, 426, 1, 1893456000),
(2066, 603, 477, 3, 1893456000),
(2067, 704, 112, 5, 1893456000),
(2068, 821, 320, 4, 1893456000),
(2069, 734, 150, 5, 1893456000),
(2070, 516, 470, 3, 1893456000),
(2071, 435, 329, 4, 1893456000),
(2072, 446, 542, 7, 1893456000),
(2073, 545, 447, 9, 1893456000),
(2074, 391, 485, 7, 1893456000),
(2075, 152, 290, 3, 1893456000),
(2076, 16, 413, 7, 1893456000),
(2077, 233, 492, 6, 1893456000),
(2078, 574, 372, 1, 1893456000),
(2079, 63, 240, 5, 1893456000),
(2080, 181, 287, 3, 1893456000),
(2081, 911, 509, 3, 1893456000),
(2082, 942, 101, 10, 1893456000),
(2083, 598, 489, 6, 1893456000),
(2084, 883, 109, 2, 1893456000),
(2085, 325, 525, 6, 1893456000),
(2086, 366, 526, 6, 1893456000),
(2087, 391, 188, 9, 1893456000),
(2088, 588, 350, 10, 1893456000),
(2089, 484, 467, 5, 1893456000),
(2090, 634, 109, 6, 1893456000),
(2091, 77, 153, 5, 1893456000),
(2092, 398, 132, 4, 1893456000),
(2093, 10, 259, 7, 1893456000),
(2094, 427, 559, 7, 1893456000),
(2095, 602, 432, 6, 1893456000),
(2096, 214, 344, 2, 1893456000),
(2097, 378, 585, 10, 1893456000),
(2098, 704, 396, 2, 1893456000),
(2099, 900, 185, 10, 1893456000),
(2100, 367, 165, 1, 1893456000),
(2101, 970, 128, 1, 1893456000),
(2102, 56, 517, 2, 1893456000),
(2103, 505, 384, 4, 1893456000),
(2104, 236, 157, 8, 1893456000),
(2105, 870, 543, 4, 1893456000),
(2106, 592, 522, 2, 1893456000),
(2107, 257, 566, 8, 1893456000),
(2108, 351, 472, 9, 1893456000),
(2109, 141, 532, 1, 1893456000),
(2110, 920, 117, 6, 1893456000),
(2111, 237, 425, 9, 1893456000),
(2112, 98, 107, 8, 1893456000),
(2113, 700, 140, 2, 1893456000),
(2114, 852, 538, 4, 1893456000),
(2115, 934, 550, 4, 1893456000),
(2116, 743, 313, 5, 1893456000),
(2117, 189, 592, 10, 1893456000),
(2118, 574, 451, 1, 1893456000),
(2119, 911, 181, 8, 1893456000),
(2120, 15, 387, 6, 1893456000),
(2121, 594, 178, 10, 1893456000),
(2122, 573, 587, 8, 1893456000),
(2123, 152, 248, 2, 1893456000),
(2124, 118, 115, 7, 1893456000),
(2125, 37, 554, 9, 1893456000),
(2126, 636, 127, 3, 1893456000),
(2127, 959, 247, 1, 1893456000),
(2128, 784, 599, 7, 1893456000),
(2129, 956, 402, 10, 1893456000),
(2130, 962, 214, 1, 1893456000),
(2131, 424, 481, 6, 1893456000),
(2132, 751, 535, 8, 1893456000),
(2133, 107, 459, 10, 1893456000),
(2134, 116, 142, 8, 1893456000),
(2135, 38, 344, 1, 1893456000),
(2136, 897, 549, 3, 1893456000),
(2137, 619, 373, 10, 1893456000),
(2138, 147, 522, 2, 1893456000),
(2139, 910, 118, 6, 1893456000),
(2140, 13, 424, 4, 1893456000),
(2141, 502, 596, 8, 1893456000),
(2142, 169, 598, 4, 1893456000),
(2143, 527, 486, 9, 1893456000),
(2144, 431, 498, 2, 1893456000),
(2145, 751, 517, 8, 1893456000),
(2146, 974, 199, 10, 1893456000),
(2147, 699, 564, 6, 1893456000),
(2148, 121, 408, 2, 1893456000),
(2149, 397, 521, 4, 1893456000),
(2150, 233, 187, 9, 1893456000),
(2151, 545, 320, 1, 1893456000),
(2152, 994, 291, 6, 1893456000),
(2153, 75, 400, 4, 1893456000),
(2154, 162, 265, 2, 1893456000),
(2155, 437, 318, 2, 1893456000),
(2156, 512, 599, 7, 1893456000),
(2157, 785, 568, 4, 1893456000),
(2158, 678, 227, 2, 1893456000),
(2159, 176, 577, 5, 1893456000),
(2160, 233, 163, 6, 1893456000),
(2161, 722, 237, 4, 1893456000),
(2162, 731, 515, 9, 1893456000),
(2163, 522, 414, 1, 1893456000),
(2164, 846, 221, 10, 1893456000),
(2165, 173, 361, 1, 1893456000),
(2166, 1, 456, 2, 1893456000),
(2167, 394, 576, 2, 1893456000),
(2168, 686, 303, 1, 1893456000),
(2169, 720, 313, 4, 1893456000),
(2170, 745, 193, 4, 1893456000),
(2171, 230, 115, 10, 1893456000),
(2172, 251, 126, 2, 1893456000),
(2173, 672, 409, 3, 1893456000),
(2174, 616, 537, 5, 1893456000),
(2175, 312, 122, 6, 1893456000),
(2176, 22, 406, 9, 1893456000),
(2177, 929, 576, 1, 1893456000),
(2178, 293, 244, 5, 1893456000),
(2179, 328, 582, 4, 1893456000),
(2180, 333, 322, 10, 1893456000),
(2181, 860, 565, 9, 1893456000),
(2182, 366, 367, 3, 1893456000),
(2183, 752, 137, 7, 1893456000),
(2184, 868, 503, 3, 1893456000),
(2185, 464, 548, 1, 1893456000),
(2186, 667, 504, 10, 1893456000),
(2187, 174, 504, 2, 1893456000),
(2188, 569, 300, 3, 1893456000),
(2189, 155, 270, 5, 1893456000),
(2190, 981, 103, 4, 1893456000),
(2191, 830, 201, 6, 1893456000),
(2192, 498, 412, 8, 1893456000),
(2193, 236, 332, 4, 1893456000),
(2194, 396, 163, 1, 1893456000),
(2195, 329, 394, 8, 1893456000),
(2196, 707, 253, 3, 1893456000),
(2197, 700, 247, 4, 1893456000),
(2198, 30, 229, 6, 1893456000),
(2199, 912, 338, 1, 1893456000),
(2200, 129, 392, 3, 1893456000),
(2201, 187, 268, 6, 1893456000),
(2202, 579, 532, 3, 1893456000),
(2203, 371, 234, 5, 1893456000),
(2204, 905, 360, 7, 1893456000),
(2205, 623, 464, 10, 1893456000),
(2206, 628, 258, 3, 1893456000),
(2207, 61, 232, 8, 1893456000),
(2208, 514, 417, 4, 1893456000),
(2209, 590, 301, 3, 1893456000),
(2210, 156, 300, 9, 1893456000),
(2211, 532, 257, 4, 1893456000),
(2212, 782, 295, 3, 1893456000),
(2213, 633, 423, 10, 1893456000),
(2214, 898, 101, 9, 1893456000),
(2215, 504, 404, 6, 1893456000),
(2216, 118, 525, 10, 1893456000),
(2217, 910, 261, 9, 1893456000),
(2218, 479, 213, 10, 1893456000),
(2219, 588, 171, 9, 1893456000),
(2220, 627, 119, 8, 1893456000),
(2221, 489, 489, 9, 1893456000),
(2222, 636, 532, 2, 1893456000),
(2223, 797, 515, 8, 1893456000),
(2224, 761, 166, 9, 1893456000),
(2225, 427, 488, 3, 1893456000),
(2226, 763, 194, 5, 1893456000),
(2227, 302, 216, 7, 1893456000),
(2228, 274, 366, 2, 1893456000),
(2229, 443, 418, 2, 1893456000),
(2230, 132, 159, 7, 1893456000),
(2231, 494, 493, 5, 1893456000),
(2232, 165, 302, 9, 1893456000),
(2233, 523, 185, 8, 1893456000),
(2234, 932, 294, 9, 1893456000),
(2235, 448, 124, 2, 1893456000),
(2236, 622, 405, 9, 1893456000),
(2237, 248, 208, 3, 1893456000),
(2238, 582, 215, 8, 1893456000),
(2239, 181, 440, 10, 1893456000),
(2240, 534, 379, 7, 1893456000),
(2241, 564, 471, 5, 1893456000),
(2242, 434, 448, 6, 1893456000),
(2243, 258, 437, 2, 1893456000),
(2244, 794, 266, 10, 1893456000),
(2245, 977, 533, 7, 1893456000),
(2246, 721, 474, 1, 1893456000),
(2247, 108, 205, 2, 1893456000),
(2248, 984, 132, 3, 1893456000),
(2249, 473, 187, 8, 1893456000),
(2250, 555, 465, 7, 1893456000),
(2251, 961, 152, 8, 1893456000),
(2252, 748, 338, 5, 1893456000),
(2253, 612, 217, 9, 1893456000),
(2254, 185, 102, 3, 1893456000),
(2255, 23, 496, 9, 1893456000),
(2256, 888, 228, 6, 1893456000),
(2257, 44, 528, 6, 1893456000),
(2258, 751, 263, 3, 1893456000),
(2259, 227, 319, 2, 1893456000),
(2260, 872, 157, 8, 1893456000),
(2261, 361, 123, 8, 1893456000),
(2262, 841, 390, 4, 1893456000),
(2263, 788, 591, 4, 1893456000),
(2264, 306, 188, 3, 1893456000),
(2265, 708, 359, 10, 1893456000),
(2266, 503, 164, 3, 1893456000),
(2267, 468, 259, 3, 1893456000),
(2268, 156, 286, 3, 1893456000),
(2269, 287, 150, 10, 1893456000),
(2270, 842, 492, 3, 1893456000),
(2271, 822, 124, 9, 1893456000),
(2272, 475, 189, 3, 1893456000),
(2273, 505, 431, 9, 1893456000),
(2274, 96, 294, 8, 1893456000),
(2275, 68, 536, 1, 1893456000),
(2276, 860, 368, 9, 1893456000),
(2277, 617, 425, 2, 1893456000),
(2278, 13, 599, 2, 1893456000),
(2279, 326, 128, 2, 1893456000),
(2280, 36, 175, 3, 1893456000),
(2281, 793, 333, 2, 1893456000),
(2282, 83, 204, 1, 1893456000),
(2283, 989, 538, 6, 1893456000),
(2284, 81, 433, 5, 1893456000),
(2285, 64, 238, 8, 1893456000),
(2286, 821, 493, 3, 1893456000),
(2287, 59, 309, 2, 1893456000),
(2288, 71, 362, 8, 1893456000),
(2289, 523, 430, 7, 1893456000),
(2290, 440, 576, 6, 1893456000),
(2291, 555, 507, 9, 1893456000),
(2292, 987, 571, 8, 1893456000),
(2293, 706, 170, 8, 1893456000),
(2294, 450, 485, 5, 1893456000),
(2295, 820, 411, 2, 1893456000),
(2296, 223, 235, 4, 1893456000),
(2297, 99, 535, 9, 1893456000),
(2298, 261, 248, 4, 1893456000),
(2299, 736, 421, 4, 1893456000),
(2300, 783, 278, 3, 1893456000),
(2301, 233, 501, 4, 1893456000),
(2302, 501, 512, 6, 1893456000),
(2303, 156, 565, 4, 1893456000),
(2304, 519, 497, 10, 1893456000),
(2305, 691, 594, 9, 1893456000),
(2306, 766, 585, 3, 1893456000),
(2307, 331, 360, 4, 1893456000),
(2308, 345, 562, 2, 1893456000),
(2309, 686, 399, 3, 1893456000),
(2310, 813, 551, 5, 1893456000),
(2311, 179, 395, 4, 1893456000),
(2312, 87, 115, 4, 1893456000),
(2313, 876, 255, 6, 1893456000),
(2314, 265, 413, 1, 1893456000),
(2315, 332, 251, 3, 1893456000),
(2316, 923, 423, 4, 1893456000),
(2317, 705, 437, 2, 1893456000),
(2318, 171, 147, 5, 1893456000),
(2319, 715, 237, 4, 1893456000),
(2320, 330, 277, 10, 1893456000),
(2321, 764, 290, 6, 1893456000),
(2322, 386, 497, 8, 1893456000),
(2323, 228, 172, 9, 1893456000),
(2324, 125, 559, 7, 1893456000),
(2325, 531, 169, 4, 1893456000),
(2326, 412, 127, 8, 1893456000),
(2327, 475, 249, 6, 1893456000),
(2328, 747, 373, 6, 1893456000),
(2329, 166, 307, 8, 1893456000),
(2330, 513, 401, 3, 1893456000),
(2331, 909, 358, 4, 1893456000),
(2332, 263, 104, 8, 1893456000),
(2333, 167, 140, 2, 1893456000),
(2334, 164, 259, 4, 1893456000),
(2335, 317, 102, 2, 1893456000),
(2336, 452, 281, 2, 1893456000),
(2337, 287, 252, 3, 1893456000),
(2338, 3, 575, 1, 1893456000),
(2339, 232, 190, 2, 1893456000),
(2340, 464, 537, 9, 1893456000),
(2341, 299, 185, 6, 1893456000),
(2342, 572, 328, 2, 1893456000),
(2343, 327, 148, 3, 1893456000),
(2344, 947, 239, 5, 1893456000),
(2345, 438, 157, 4, 1893456000),
(2346, 757, 389, 8, 1893456000),
(2347, 998, 491, 7, 1893456000),
(2348, 914, 470, 5, 1893456000),
(2349, 78, 511, 6, 1893456000),
(2350, 507, 219, 6, 1893456000),
(2351, 765, 304, 3, 1893456000),
(2352, 948, 376, 3, 1893456000),
(2353, 297, 433, 6, 1893456000),
(2354, 568, 535, 2, 1893456000),
(2355, 303, 283, 5, 1893456000),
(2356, 741, 519, 3, 1893456000),
(2357, 956, 301, 10, 1893456000),
(2358, 64, 146, 10, 1893456000),
(2359, 186, 580, 6, 1893456000),
(2360, 782, 355, 3, 1893456000),
(2361, 558, 185, 3, 1893456000),
(2362, 764, 541, 1, 1893456000),
(2363, 227, 387, 3, 1893456000),
(2364, 356, 105, 7, 1893456000),
(2365, 812, 128, 7, 1893456000),
(2366, 929, 123, 4, 1893456000),
(2367, 215, 505, 5, 1893456000),
(2368, 541, 516, 9, 1893456000),
(2369, 204, 279, 3, 1893456000),
(2370, 809, 599, 10, 1893456000),
(2371, 162, 494, 5, 1893456000),
(2372, 312, 281, 3, 1893456000),
(2373, 387, 399, 2, 1893456000),
(2374, 170, 138, 8, 1893456000),
(2375, 436, 156, 5, 1893456000),
(2376, 424, 160, 9, 1893456000),
(2377, 313, 346, 2, 1893456000),
(2378, 230, 360, 2, 1893456000),
(2379, 510, 350, 3, 1893456000),
(2380, 985, 366, 9, 1893456000),
(2381, 213, 309, 7, 1893456000),
(2382, 750, 377, 8, 1893456000),
(2383, 391, 190, 5, 1893456000),
(2384, 367, 266, 7, 1893456000),
(2385, 788, 300, 7, 1893456000),
(2386, 201, 142, 2, 1893456000),
(2387, 76, 450, 2, 1893456000),
(2388, 475, 264, 1, 1893456000),
(2389, 736, 473, 10, 1893456000),
(2390, 310, 514, 8, 1893456000),
(2391, 946, 122, 9, 1893456000),
(2392, 744, 492, 5, 1893456000),
(2393, 785, 176, 8, 1893456000),
(2394, 488, 126, 7, 1893456000),
(2395, 911, 174, 9, 1893456000),
(2396, 655, 311, 4, 1893456000),
(2397, 595, 405, 9, 1893456000),
(2398, 991, 384, 4, 1893456000),
(2399, 927, 155, 3, 1893456000),
(2400, 988, 105, 5, 1893456000),
(2401, 225, 323, 7, 1893456000),
(2402, 542, 226, 9, 1893456000),
(2403, 853, 244, 4, 1893456000),
(2404, 470, 369, 2, 1893456000),
(2405, 50, 230, 1, 1893456000),
(2406, 160, 569, 9, 1893456000),
(2407, 77, 306, 6, 1893456000),
(2408, 316, 257, 4, 1893456000),
(2409, 433, 593, 6, 1893456000),
(2410, 863, 225, 8, 1893456000),
(2411, 192, 450, 6, 1893456000),
(2412, 858, 154, 8, 1893456000),
(2413, 740, 260, 4, 1893456000),
(2414, 572, 326, 4, 1893456000),
(2415, 415, 108, 3, 1893456000),
(2416, 328, 369, 7, 1893456000),
(2417, 169, 474, 6, 1893456000),
(2418, 569, 157, 4, 1893456000),
(2419, 933, 198, 4, 1893456000),
(2420, 367, 300, 7, 1893456000),
(2421, 190, 391, 10, 1893456000),
(2422, 562, 594, 8, 1893456000),
(2423, 652, 579, 4, 1893456000),
(2424, 282, 372, 7, 1893456000),
(2425, 671, 169, 7, 1893456000),
(2426, 935, 145, 3, 1893456000),
(2427, 29, 166, 2, 1893456000),
(2428, 319, 421, 4, 1893456000),
(2429, 685, 122, 9, 1893456000),
(2430, 70, 345, 3, 1893456000),
(2431, 793, 142, 2, 1893456000),
(2432, 351, 582, 3, 1893456000),
(2433, 548, 536, 1, 1893456000),
(2434, 229, 307, 8, 1893456000),
(2435, 206, 569, 1, 1893456000),
(2436, 463, 274, 6, 1893456000),
(2437, 625, 334, 2, 1893456000),
(2438, 112, 234, 8, 1893456000),
(2439, 81, 418, 5, 1893456000),
(2440, 930, 401, 5, 1893456000),
(2441, 422, 464, 3, 1893456000),
(2442, 2, 350, 1, 1893456000),
(2443, 784, 164, 7, 1893456000),
(2444, 714, 379, 7, 1893456000),
(2445, 565, 588, 6, 1893456000),
(2446, 172, 484, 2, 1893456000),
(2447, 114, 171, 1, 1893456000),
(2448, 960, 491, 1, 1893456000),
(2449, 159, 111, 4, 1893456000),
(2450, 906, 403, 7, 1893456000),
(2451, 894, 501, 2, 1893456000),
(2452, 82, 323, 2, 1893456000),
(2453, 266, 300, 8, 1893456000),
(2454, 166, 387, 6, 1893456000),
(2455, 949, 405, 3, 1893456000),
(2456, 474, 545, 6, 1893456000),
(2457, 988, 598, 10, 1893456000),
(2458, 324, 426, 4, 1893456000),
(2459, 13, 220, 1, 1893456000),
(2460, 767, 207, 7, 1893456000),
(2461, 656, 264, 5, 1893456000),
(2462, 741, 496, 4, 1893456000),
(2463, 844, 186, 7, 1893456000),
(2464, 514, 524, 5, 1893456000),
(2465, 111, 535, 3, 1893456000),
(2466, 182, 310, 6, 1893456000),
(2467, 282, 288, 10, 1893456000),
(2468, 547, 453, 8, 1893456000),
(2469, 22, 195, 5, 1893456000),
(2470, 392, 567, 10, 1893456000),
(2471, 976, 287, 2, 1893456000),
(2472, 536, 211, 1, 1893456000),
(2473, 742, 179, 8, 1893456000),
(2474, 399, 192, 1, 1893456000),
(2475, 222, 280, 7, 1893456000),
(2476, 45, 435, 2, 1893456000),
(2477, 917, 475, 6, 1893456000),
(2478, 662, 384, 8, 1893456000),
(2479, 566, 361, 2, 1893456000),
(2480, 302, 102, 4, 1893456000),
(2481, 287, 498, 3, 1893456000),
(2482, 547, 376, 7, 1893456000),
(2483, 619, 177, 3, 1893456000),
(2484, 956, 321, 5, 1893456000),
(2485, 744, 230, 9, 1893456000),
(2486, 476, 211, 6, 1893456000),
(2487, 893, 532, 1, 1893456000),
(2488, 606, 246, 6, 1893456000),
(2489, 565, 133, 3, 1893456000),
(2490, 234, 398, 8, 1893456000),
(2491, 790, 552, 8, 1893456000),
(2492, 620, 323, 5, 1893456000),
(2493, 544, 336, 4, 1893456000),
(2494, 739, 470, 4, 1893456000),
(2495, 994, 480, 7, 1893456000),
(2496, 572, 472, 6, 1893456000),
(2497, 372, 109, 2, 1893456000),
(2498, 139, 589, 5, 1893456000),
(2499, 775, 410, 5, 1893456000),
(2500, 730, 433, 10, 1893456000),
(2501, 488, 538, 4, 1893456000),
(2502, 462, 426, 7, 1893456000),
(2503, 535, 589, 6, 1893456000),
(2504, 612, 119, 7, 1893456000),
(2505, 606, 107, 1, 1893456000),
(2506, 422, 133, 2, 1893456000),
(2507, 747, 529, 9, 1893456000),
(2508, 437, 320, 7, 1893456000),
(2509, 792, 260, 7, 1893456000),
(2510, 743, 274, 3, 1893456000),
(2511, 629, 164, 2, 1893456000),
(2512, 469, 425, 5, 1893456000),
(2513, 199, 384, 5, 1893456000),
(2514, 307, 102, 9, 1893456000),
(2515, 781, 133, 3, 1893456000),
(2516, 318, 438, 6, 1893456000),
(2517, 370, 544, 8, 1893456000),
(2518, 278, 359, 3, 1893456000),
(2519, 198, 391, 1, 1893456000),
(2520, 60, 368, 2, 1893456000),
(2521, 457, 481, 3, 1893456000),
(2522, 431, 198, 5, 1893456000),
(2523, 462, 590, 8, 1893456000),
(2524, 815, 300, 1, 1893456000),
(2525, 438, 113, 5, 1893456000),
(2526, 819, 391, 7, 1893456000),
(2527, 259, 324, 10, 1893456000),
(2528, 773, 372, 4, 1893456000),
(2529, 782, 321, 7, 1893456000),
(2530, 167, 217, 3, 1893456000),
(2531, 663, 527, 5, 1893456000),
(2532, 166, 139, 10, 1893456000),
(2533, 633, 585, 5, 1893456000),
(2534, 832, 139, 2, 1893456000),
(2535, 136, 132, 3, 1893456000),
(2536, 461, 203, 6, 1893456000),
(2537, 165, 126, 6, 1893456000),
(2538, 45, 125, 7, 1893456000),
(2539, 265, 418, 6, 1893456000),
(2540, 170, 462, 10, 1893456000),
(2541, 139, 597, 6, 1893456000),
(2542, 960, 448, 5, 1893456000),
(2543, 916, 138, 4, 1893456000),
(2544, 500, 563, 5, 1893456000),
(2545, 188, 287, 3, 1893456000),
(2546, 615, 553, 3, 1893456000),
(2547, 937, 380, 5, 1893456000),
(2548, 263, 157, 9, 1893456000),
(2549, 172, 542, 7, 1893456000),
(2550, 177, 315, 2, 1893456000),
(2551, 119, 495, 10, 1893456000),
(2552, 34, 370, 3, 1893456000),
(2553, 347, 417, 5, 1893456000),
(2554, 3, 282, 9, 1893456000),
(2555, 141, 565, 7, 1893456000),
(2556, 967, 200, 5, 1893456000),
(2557, 885, 355, 2, 1893456000),
(2558, 506, 531, 8, 1893456000),
(2559, 759, 287, 9, 1893456000),
(2560, 440, 490, 4, 1893456000),
(2561, 566, 417, 2, 1893456000),
(2562, 269, 546, 4, 1893456000),
(2563, 618, 456, 6, 1893456000),
(2564, 943, 382, 6, 1893456000),
(2565, 39, 150, 6, 1893456000),
(2566, 882, 163, 9, 1893456000),
(2567, 904, 564, 8, 1893456000),
(2568, 544, 495, 9, 1893456000),
(2569, 511, 247, 8, 1893456000),
(2570, 36, 413, 7, 1893456000),
(2571, 368, 351, 10, 1893456000),
(2572, 628, 543, 1, 1893456000),
(2573, 200, 230, 9, 1893456000),
(2574, 866, 475, 6, 1893456000),
(2575, 456, 202, 9, 1893456000),
(2576, 281, 345, 8, 1893456000),
(2577, 112, 282, 10, 1893456000),
(2578, 608, 386, 9, 1893456000),
(2579, 734, 116, 6, 1893456000),
(2580, 477, 511, 3, 1893456000),
(2581, 108, 205, 3, 1893456000),
(2582, 851, 442, 6, 1893456000),
(2583, 497, 528, 8, 1893456000),
(2584, 736, 397, 7, 1893456000),
(2585, 200, 252, 2, 1893456000),
(2586, 490, 102, 7, 1893456000),
(2587, 506, 358, 5, 1893456000),
(2588, 213, 293, 5, 1893456000),
(2589, 242, 254, 10, 1893456000),
(2590, 252, 320, 8, 1893456000),
(2591, 482, 450, 2, 1893456000),
(2592, 435, 106, 10, 1893456000),
(2593, 716, 139, 2, 1893456000),
(2594, 548, 401, 5, 1893456000),
(2595, 85, 234, 6, 1893456000),
(2596, 552, 140, 2, 1893456000),
(2597, 704, 218, 1, 1893456000),
(2598, 865, 563, 8, 1893456000),
(2599, 776, 562, 1, 1893456000),
(2600, 352, 429, 5, 1893456000),
(2601, 677, 208, 9, 1893456000),
(2602, 112, 445, 3, 1893456000),
(2603, 315, 493, 6, 1893456000),
(2604, 363, 208, 9, 1893456000),
(2605, 529, 103, 4, 1893456000),
(2606, 982, 441, 7, 1893456000),
(2607, 195, 285, 1, 1893456000),
(2608, 447, 287, 5, 1893456000),
(2609, 354, 176, 6, 1893456000),
(2610, 305, 562, 4, 1893456000),
(2611, 952, 524, 9, 1893456000),
(2612, 427, 179, 6, 1893456000),
(2613, 435, 160, 7, 1893456000),
(2614, 591, 171, 3, 1893456000),
(2615, 182, 420, 8, 1893456000),
(2616, 244, 288, 4, 1893456000),
(2617, 866, 537, 4, 1893456000),
(2618, 639, 434, 8, 1893456000),
(2619, 185, 565, 1, 1893456000),
(2620, 32, 331, 4, 1893456000),
(2621, 787, 326, 1, 1893456000),
(2622, 399, 271, 7, 1893456000),
(2623, 907, 476, 10, 1893456000),
(2624, 100, 167, 10, 1893456000),
(2625, 609, 428, 10, 1893456000),
(2626, 742, 293, 7, 1893456000),
(2627, 576, 134, 6, 1893456000),
(2628, 360, 402, 8, 1893456000),
(2629, 661, 136, 1, 1893456000),
(2630, 559, 122, 5, 1893456000),
(2631, 492, 270, 1, 1893456000),
(2632, 370, 118, 9, 1893456000),
(2633, 696, 217, 9, 1893456000),
(2634, 910, 490, 6, 1893456000),
(2635, 850, 475, 6, 1893456000),
(2636, 610, 372, 8, 1893456000),
(2637, 824, 185, 9, 1893456000),
(2638, 574, 528, 10, 1893456000),
(2639, 166, 387, 4, 1893456000),
(2640, 667, 380, 3, 1893456000),
(2641, 475, 321, 9, 1893456000),
(2642, 895, 275, 10, 1893456000),
(2643, 762, 132, 3, 1893456000),
(2644, 770, 517, 6, 1893456000),
(2645, 279, 502, 2, 1893456000),
(2646, 605, 513, 6, 1893456000),
(2647, 152, 451, 5, 1893456000),
(2648, 511, 413, 9, 1893456000),
(2649, 183, 219, 3, 1893456000),
(2650, 513, 397, 8, 1893456000),
(2651, 270, 243, 8, 1893456000),
(2652, 625, 428, 2, 1893456000),
(2653, 995, 173, 7, 1893456000),
(2654, 357, 307, 10, 1893456000),
(2655, 79, 351, 3, 1893456000),
(2656, 222, 234, 7, 1893456000),
(2657, 784, 216, 8, 1893456000),
(2658, 183, 325, 3, 1893456000),
(2659, 59, 387, 5, 1893456000),
(2660, 188, 257, 7, 1893456000),
(2661, 68, 164, 4, 1893456000),
(2662, 332, 119, 2, 1893456000),
(2663, 801, 280, 9, 1893456000),
(2664, 653, 258, 10, 1893456000),
(2665, 7, 144, 9, 1893456000),
(2666, 203, 340, 5, 1893456000),
(2667, 640, 191, 7, 1893456000),
(2668, 572, 251, 9, 1893456000),
(2669, 283, 363, 6, 1893456000),
(2670, 82, 458, 10, 1893456000),
(2671, 11, 223, 10, 1893456000),
(2672, 48, 417, 2, 1893456000),
(2673, 27, 419, 10, 1893456000),
(2674, 483, 309, 10, 1893456000),
(2675, 131, 292, 7, 1893456000),
(2676, 608, 185, 10, 1893456000),
(2677, 630, 569, 2, 1893456000),
(2678, 661, 272, 3, 1893456000),
(2679, 764, 529, 1, 1893456000),
(2680, 520, 286, 4, 1893456000),
(2681, 126, 431, 6, 1893456000),
(2682, 526, 330, 10, 1893456000),
(2683, 172, 284, 6, 1893456000),
(2684, 348, 317, 4, 1893456000),
(2685, 866, 110, 4, 1893456000),
(2686, 227, 248, 8, 1893456000),
(2687, 524, 590, 10, 1893456000),
(2688, 250, 417, 4, 1893456000),
(2689, 444, 384, 10, 1893456000),
(2690, 710, 130, 6, 1893456000),
(2691, 239, 306, 3, 1893456000),
(2692, 99, 285, 4, 1893456000),
(2693, 261, 169, 3, 1893456000),
(2694, 526, 391, 6, 1893456000),
(2695, 24, 348, 4, 1893456000),
(2696, 899, 305, 4, 1893456000),
(2697, 360, 355, 7, 1893456000),
(2698, 156, 396, 9, 1893456000),
(2699, 310, 204, 5, 1893456000),
(2700, 51, 420, 2, 1893456000),
(2701, 707, 282, 2, 1893456000),
(2702, 417, 447, 7, 1893456000),
(2703, 392, 563, 1, 1893456000),
(2704, 602, 385, 9, 1893456000),
(2705, 194, 464, 9, 1893456000),
(2706, 806, 180, 8, 1893456000),
(2707, 235, 387, 7, 1893456000),
(2708, 58, 176, 9, 1893456000),
(2709, 896, 145, 10, 1893456000),
(2710, 241, 115, 10, 1893456000),
(2711, 885, 173, 2, 1893456000),
(2712, 583, 414, 9, 1893456000),
(2713, 266, 101, 8, 1893456000),
(2714, 508, 573, 10, 1893456000),
(2715, 942, 286, 8, 1893456000),
(2716, 829, 300, 3, 1893456000),
(2717, 819, 149, 4, 1893456000),
(2718, 293, 161, 9, 1893456000),
(2719, 337, 245, 5, 1893456000),
(2720, 416, 299, 8, 1893456000),
(2721, 232, 374, 2, 1893456000),
(2722, 801, 265, 6, 1893456000),
(2723, 1, 114, 7, 1893456000),
(2724, 114, 275, 9, 1893456000),
(2725, 191, 124, 3, 1893456000),
(2726, 404, 375, 4, 1893456000),
(2727, 984, 282, 6, 1893456000),
(2728, 195, 380, 3, 1893456000),
(2729, 359, 341, 1, 1893456000),
(2730, 206, 354, 3, 1893456000),
(2731, 555, 374, 8, 1893456000),
(2732, 405, 187, 5, 1893456000),
(2733, 954, 348, 2, 1893456000),
(2734, 638, 265, 5, 1893456000),
(2735, 372, 229, 5, 1893456000),
(2736, 896, 372, 10, 1893456000),
(2737, 373, 561, 3, 1893456000),
(2738, 925, 211, 9, 1893456000),
(2739, 412, 165, 8, 1893456000),
(2740, 228, 263, 10, 1893456000),
(2741, 150, 220, 10, 1893456000),
(2742, 407, 469, 4, 1893456000),
(2743, 159, 226, 8, 1893456000),
(2744, 866, 378, 10, 1893456000),
(2745, 828, 173, 4, 1893456000),
(2746, 422, 160, 1, 1893456000),
(2747, 250, 585, 2, 1893456000),
(2748, 790, 590, 10, 1893456000),
(2749, 869, 275, 4, 1893456000),
(2750, 523, 294, 9, 1893456000),
(2751, 472, 474, 10, 1893456000),
(2752, 584, 554, 9, 1893456000),
(2753, 407, 376, 9, 1893456000),
(2754, 521, 262, 8, 1893456000),
(2755, 980, 264, 5, 1893456000),
(2756, 825, 237, 4, 1893456000),
(2757, 82, 115, 3, 1893456000),
(2758, 832, 141, 9, 1893456000),
(2759, 83, 486, 2, 1893456000),
(2760, 577, 233, 4, 1893456000),
(2761, 264, 218, 7, 1893456000),
(2762, 265, 211, 6, 1893456000),
(2763, 782, 201, 5, 1893456000),
(2764, 623, 229, 6, 1893456000),
(2765, 378, 397, 1, 1893456000),
(2766, 699, 490, 5, 1893456000),
(2767, 173, 493, 7, 1893456000),
(2768, 378, 565, 10, 1893456000),
(2769, 687, 194, 6, 1893456000),
(2770, 123, 479, 9, 1893456000),
(2771, 278, 564, 7, 1893456000),
(2772, 223, 210, 6, 1893456000),
(2773, 870, 464, 5, 1893456000),
(2774, 71, 229, 9, 1893456000),
(2775, 375, 375, 4, 1893456000),
(2776, 77, 310, 8, 1893456000),
(2777, 184, 487, 10, 1893456000),
(2778, 376, 120, 2, 1893456000),
(2779, 508, 591, 6, 1893456000),
(2780, 42, 472, 5, 1893456000),
(2781, 487, 365, 1, 1893456000),
(2782, 122, 321, 10, 1893456000),
(2783, 747, 521, 10, 1893456000),
(2784, 253, 168, 4, 1893456000),
(2785, 984, 430, 4, 1893456000),
(2786, 392, 313, 7, 1893456000),
(2787, 174, 578, 6, 1893456000),
(2788, 30, 590, 4, 1893456000),
(2789, 100, 107, 3, 1893456000),
(2790, 639, 102, 10, 1893456000),
(2791, 3, 481, 7, 1893456000),
(2792, 240, 513, 8, 1893456000),
(2793, 390, 136, 5, 1893456000),
(2794, 831, 233, 3, 1893456000),
(2795, 39, 447, 1, 1893456000),
(2796, 374, 378, 2, 1893456000),
(2797, 264, 426, 9, 1893456000),
(2798, 134, 163, 5, 1893456000),
(2799, 663, 102, 5, 1893456000),
(2800, 140, 221, 6, 1893456000),
(2801, 421, 544, 6, 1893456000),
(2802, 476, 550, 5, 1893456000),
(2803, 249, 275, 6, 1893456000),
(2804, 832, 202, 2, 1893456000),
(2805, 394, 427, 4, 1893456000),
(2806, 163, 242, 10, 1893456000),
(2807, 99, 293, 6, 1893456000),
(2808, 73, 255, 1, 1893456000),
(2809, 207, 218, 3, 1893456000),
(2810, 695, 270, 4, 1893456000),
(2811, 580, 470, 6, 1893456000),
(2812, 390, 491, 10, 1893456000),
(2813, 195, 421, 1, 1893456000),
(2814, 138, 564, 5, 1893456000),
(2815, 769, 151, 4, 1893456000),
(2816, 833, 252, 6, 1893456000),
(2817, 918, 417, 1, 1893456000),
(2818, 275, 495, 10, 1893456000),
(2819, 451, 534, 7, 1893456000),
(2820, 320, 139, 4, 1893456000),
(2821, 702, 370, 6, 1893456000),
(2822, 558, 545, 5, 1893456000),
(2823, 238, 523, 4, 1893456000),
(2824, 634, 308, 9, 1893456000),
(2825, 609, 527, 6, 1893456000),
(2826, 716, 317, 2, 1893456000),
(2827, 857, 173, 10, 1893456000),
(2828, 335, 444, 6, 1893456000),
(2829, 665, 557, 9, 1893456000),
(2830, 182, 471, 10, 1893456000),
(2831, 165, 418, 4, 1893456000),
(2832, 391, 585, 4, 1893456000),
(2833, 774, 168, 10, 1893456000),
(2834, 401, 324, 2, 1893456000),
(2835, 287, 571, 5, 1893456000),
(2836, 671, 560, 8, 1893456000),
(2837, 749, 479, 3, 1893456000),
(2838, 292, 465, 5, 1893456000),
(2839, 817, 172, 6, 1893456000),
(2840, 103, 391, 2, 1893456000),
(2841, 526, 177, 3, 1893456000),
(2842, 966, 117, 6, 1893456000),
(2843, 59, 501, 9, 1893456000),
(2844, 324, 541, 7, 1893456000),
(2845, 939, 382, 6, 1893456000),
(2846, 901, 288, 4, 1893456000),
(2847, 513, 142, 6, 1893456000),
(2848, 666, 581, 8, 1893456000),
(2849, 973, 131, 3, 1893456000),
(2850, 130, 382, 5, 1893456000),
(2851, 786, 470, 8, 1893456000),
(2852, 560, 302, 10, 1893456000),
(2853, 801, 195, 9, 1893456000),
(2854, 808, 566, 3, 1893456000),
(2855, 251, 390, 6, 1893456000),
(2856, 387, 249, 10, 1893456000),
(2857, 208, 157, 4, 1893456000),
(2858, 84, 506, 2, 1893456000),
(2859, 57, 215, 2, 1893456000),
(2860, 443, 338, 6, 1893456000),
(2861, 821, 373, 1, 1893456000),
(2862, 797, 357, 9, 1893456000),
(2863, 515, 317, 4, 1893456000),
(2864, 75, 403, 10, 1893456000),
(2865, 546, 402, 3, 1893456000),
(2866, 583, 414, 10, 1893456000),
(2867, 289, 476, 5, 1893456000),
(2868, 171, 425, 5, 1893456000),
(2869, 881, 373, 1, 1893456000),
(2870, 302, 455, 2, 1893456000),
(2871, 903, 347, 7, 1893456000),
(2872, 581, 155, 3, 1893456000),
(2873, 437, 166, 4, 1893456000),
(2874, 442, 469, 4, 1893456000),
(2875, 928, 218, 4, 1893456000),
(2876, 242, 167, 7, 1893456000),
(2877, 164, 492, 10, 1893456000),
(2878, 875, 358, 6, 1893456000),
(2879, 313, 403, 4, 1893456000),
(2880, 381, 271, 5, 1893456000),
(2881, 826, 237, 1, 1893456000),
(2882, 141, 547, 7, 1893456000),
(2883, 726, 325, 10, 1893456000),
(2884, 857, 358, 3, 1893456000),
(2885, 43, 270, 8, 1893456000),
(2886, 46, 433, 7, 1893456000),
(2887, 888, 484, 10, 1893456000),
(2888, 418, 364, 3, 1893456000),
(2889, 845, 208, 2, 1893456000),
(2890, 612, 504, 1, 1893456000),
(2891, 650, 432, 1, 1893456000),
(2892, 578, 564, 1, 1893456000),
(2893, 749, 530, 9, 1893456000),
(2894, 757, 336, 8, 1893456000),
(2895, 468, 411, 3, 1893456000),
(2896, 535, 344, 2, 1893456000),
(2897, 950, 441, 3, 1893456000),
(2898, 664, 203, 6, 1893456000),
(2899, 593, 590, 4, 1893456000),
(2900, 793, 535, 7, 1893456000),
(2901, 951, 295, 3, 1893456000),
(2902, 120, 298, 4, 1893456000),
(2903, 783, 366, 7, 1893456000),
(2904, 105, 162, 10, 1893456000),
(2905, 223, 584, 6, 1893456000),
(2906, 1, 500, 5, 1893456000),
(2907, 709, 582, 3, 1893456000),
(2908, 575, 502, 1, 1893456000),
(2909, 273, 462, 4, 1893456000),
(2910, 573, 361, 9, 1893456000),
(2911, 583, 222, 8, 1893456000),
(2912, 572, 170, 3, 1893456000),
(2913, 956, 427, 10, 1893456000),
(2914, 51, 265, 10, 1893456000),
(2915, 772, 524, 2, 1893456000),
(2916, 969, 380, 8, 1893456000),
(2917, 250, 182, 8, 1893456000),
(2918, 374, 273, 8, 1893456000),
(2919, 428, 189, 1, 1893456000),
(2920, 949, 459, 3, 1893456000),
(2921, 469, 166, 6, 1893456000),
(2922, 622, 106, 9, 1893456000),
(2923, 437, 448, 5, 1893456000),
(2924, 537, 159, 10, 1893456000),
(2925, 909, 591, 4, 1893456000),
(2926, 401, 347, 5, 1893456000),
(2927, 629, 227, 3, 1893456000),
(2928, 379, 373, 3, 1893456000),
(2929, 305, 264, 8, 1893456000),
(2930, 251, 247, 2, 1893456000),
(2931, 265, 363, 4, 1893456000),
(2932, 111, 284, 1, 1893456000),
(2933, 323, 394, 5, 1893456000),
(2934, 499, 105, 8, 1893456000),
(2935, 239, 381, 4, 1893456000),
(2936, 798, 313, 7, 1893456000),
(2937, 377, 488, 4, 1893456000),
(2938, 169, 134, 9, 1893456000),
(2939, 954, 135, 9, 1893456000),
(2940, 374, 585, 8, 1893456000),
(2941, 779, 383, 4, 1893456000),
(2942, 442, 590, 1, 1893456000),
(2943, 899, 348, 2, 1893456000),
(2944, 90, 456, 7, 1893456000),
(2945, 96, 505, 5, 1893456000),
(2946, 296, 472, 9, 1893456000),
(2947, 226, 112, 6, 1893456000),
(2948, 811, 118, 7, 1893456000),
(2949, 28, 250, 6, 1893456000),
(2950, 203, 286, 4, 1893456000),
(2951, 156, 517, 5, 1893456000),
(2952, 211, 359, 8, 1893456000),
(2953, 895, 461, 8, 1893456000),
(2954, 500, 157, 10, 1893456000),
(2955, 18, 523, 3, 1893456000),
(2956, 644, 318, 9, 1893456000),
(2957, 87, 192, 9, 1893456000),
(2958, 81, 565, 8, 1893456000),
(2959, 165, 433, 5, 1893456000),
(2960, 109, 468, 2, 1893456000),
(2961, 220, 580, 2, 1893456000),
(2962, 12, 123, 4, 1893456000),
(2963, 912, 165, 1, 1893456000),
(2964, 330, 347, 3, 1893456000),
(2965, 869, 193, 4, 1893456000),
(2966, 510, 202, 6, 1893456000),
(2967, 55, 600, 7, 1893456000),
(2968, 702, 456, 5, 1893456000),
(2969, 253, 396, 10, 1893456000),
(2970, 787, 117, 3, 1893456000),
(2971, 240, 376, 7, 1893456000),
(2972, 616, 363, 1, 1893456000),
(2973, 832, 513, 10, 1893456000),
(2974, 501, 191, 6, 1893456000),
(2975, 473, 336, 10, 1893456000),
(2976, 365, 446, 3, 1893456000),
(2977, 376, 429, 1, 1893456000),
(2978, 137, 138, 7, 1893456000),
(2979, 272, 366, 8, 1893456000),
(2980, 368, 435, 10, 1893456000),
(2981, 478, 125, 6, 1893456000),
(2982, 307, 495, 2, 1893456000),
(2983, 539, 381, 3, 1893456000),
(2984, 433, 344, 3, 1893456000),
(2985, 521, 471, 2, 1893456000),
(2986, 585, 476, 5, 1893456000),
(2987, 864, 268, 7, 1893456000),
(2988, 435, 210, 5, 1893456000),
(2989, 996, 480, 2, 1893456000),
(2990, 264, 220, 9, 1893456000),
(2991, 989, 291, 8, 1893456000),
(2992, 176, 238, 7, 1893456000),
(2993, 169, 122, 10, 1893456000),
(2994, 820, 225, 2, 1893456000),
(2995, 947, 529, 7, 1893456000),
(2996, 662, 105, 1, 1893456000),
(2997, 552, 476, 3, 1893456000),
(2998, 827, 269, 3, 1893456000),
(2999, 5, 599, 6, 1893456000),
(3000, 720, 369, 2, 1893456000);
